Identifier;Date;Time;Unit number;Antenna number;Transponder type;Transponder code;Weight;Input status;Output status;Event;GPS coordinates
4928;26-11-2018;11:36:43;40;-;Trovan Unique;0007B0F2C5;-;00000000;00000000;-;""
4929;26-11-2018;11:52:47;10;-;Trovan Unique;000783B3B0;-;00000000;00000000;-;""
4930;26-11-2018;11:52:47;10;-;Trovan Unique;000783B3B0;-;00000000;00000000;-;""
4931;26-11-2018;11:52:47;10;-;Trovan Unique;000783B3B0;-;00000000;00000000;-;""
4932;26-11-2018;11:52:48;10;-;Trovan Unique;000783B3B0;-;00000000;00000000;-;""
4933;26-11-2018;11:52:48;10;-;Trovan Unique;000783B3B0;-;00000000;00000000;-;""
4934;26-11-2018;11:52:48;10;-;Trovan Unique;000783B3B0;-;00000000;00000000;-;""
4935;26-11-2018;11:52:49;10;-;Trovan Unique;000783B3B0;-;00000000;00000000;-;""
4936;26-11-2018;11:58:06;10;-;Trovan Unique;000783B3B0;-;00000000;00000000;-;""
4937;26-11-2018;11:58:06;10;-;Trovan Unique;000783B3B0;-;00000000;00000000;-;""
4938;26-11-2018;11:58:06;10;-;Trovan Unique;000783B3B0;-;00000000;00000000;-;""
4939;26-11-2018;12:04:46;10;-;Trovan Unique;000783B3B0;-;00000000;00000000;-;""
4940;26-11-2018;12:04:46;10;-;Trovan Unique;000783B3B0;-;00000000;00000000;-;""
4941;26-11-2018;12:04:47;10;-;Trovan Unique;000783B3B0;-;00000000;00000000;-;""
4942;26-11-2018;12:04:47;10;-;Trovan Unique;000783B3B0;-;00000000;00000000;-;""
4943;26-11-2018;12:04:47;10;-;Trovan Unique;000783B3B0;-;00000000;00000000;-;""
4944;26-11-2018;12:08:05;10;-;Trovan Unique;0007ACC57C;-;00000000;00000000;-;""
4945;26-11-2018;12:08:06;10;-;Trovan Unique;0007ACC57C;-;00000000;00000000;-;""
4946;26-11-2018;12:08:10;10;-;Trovan Unique;0007ACC57C;-;00000000;00000000;-;""
4947;26-11-2018;12:08:10;10;-;Trovan Unique;0007ACC57C;-;00000000;00000000;-;""
4948;26-11-2018;12:08:11;10;-;Trovan Unique;0007ACC57C;-;00000000;00000000;-;""
4949;26-11-2018;12:08:39;10;-;Trovan Unique;000783B3B0;-;00000000;00000000;-;""
4950;26-11-2018;12:08:39;10;-;Trovan Unique;000783B3B0;-;00000000;00000000;-;""
4951;26-11-2018;12:08:39;10;-;Trovan Unique;000783B3B0;-;00000000;00000000;-;""
4952;26-11-2018;12:08:40;10;-;Trovan Unique;000783B3B0;-;00000000;00000000;-;""
4953;26-11-2018;12:10:44;10;-;Trovan Unique;000783B3B0;-;00000000;00000000;-;""
4954;26-11-2018;12:10:44;10;-;Trovan Unique;000783B3B0;-;00000000;00000000;-;""
4955;26-11-2018;12:10:44;10;-;Trovan Unique;000783B3B0;-;00000000;00000000;-;""
4956;26-11-2018;12:10:44;10;-;Trovan Unique;000783B3B0;-;00000000;00000000;-;""
4957;26-11-2018;12:15:04;10;-;Trovan Unique;000783B3B0;-;00000000;00000000;-;""
4958;26-11-2018;12:15:50;10;-;Trovan Unique;000783B3B0;-;00000000;00000000;-;""
4959;26-11-2018;12:15:51;10;-;Trovan Unique;000783B3B0;-;00000000;00000000;-;""
4960;26-11-2018;12:15:51;10;-;Trovan Unique;000783B3B0;-;00000000;00000000;-;""
4961;26-11-2018;12:15:51;10;-;Trovan Unique;000783B3B0;-;00000000;00000000;-;""
4962;26-11-2018;12:15:51;10;-;Trovan Unique;000783B3B0;-;00000000;00000000;-;""
4963;26-11-2018;12:15:52;10;-;Trovan Unique;000783B3B0;-;00000000;00000000;-;""
4964;26-11-2018;12:15:54;20;-;Trovan Unique;000783B3B0;-;00000000;00000000;-;""
4965;26-11-2018;12:16:35;20;-;Trovan Unique;000783B3B0;-;00000000;00000000;-;""
4966;26-11-2018;12:16:36;20;-;Trovan Unique;000783B3B0;-;00000000;00000000;-;""
4967;26-11-2018;12:16:36;20;-;Trovan Unique;000783B3B0;-;00000000;00000000;-;""
4968;26-11-2018;12:16:36;20;-;Trovan Unique;000783B3B0;-;00000000;00000000;-;""
4969;26-11-2018;12:16:37;20;-;Trovan Unique;000783B3B0;-;00000000;00000000;-;""
4970;26-11-2018;12:16:37;20;-;Trovan Unique;000783B3B0;-;00000000;00000000;-;""
4971;26-11-2018;12:16:38;20;-;Trovan Unique;000783B3B0;-;00000000;00000000;-;""
4972;26-11-2018;12:16:52;20;-;Trovan Unique;000783B3B0;-;00000000;00000000;-;""
4973;26-11-2018;12:16:52;20;-;Trovan Unique;000783B3B0;-;00000000;00000000;-;""
4974;26-11-2018;12:16:53;20;-;Trovan Unique;000783B3B0;-;00000000;00000000;-;""
4975;26-11-2018;12:16:54;20;-;Trovan Unique;000783B3B0;-;00000000;00000000;-;""
4976;26-11-2018;12:16:54;20;-;Trovan Unique;000783B3B0;-;00000000;00000000;-;""
4977;26-11-2018;12:16:55;20;-;Trovan Unique;000783B3B0;-;00000000;00000000;-;""
4978;26-11-2018;12:16:58;20;-;Trovan Unique;000783B3B0;-;00000000;00000000;-;""
4979;26-11-2018;12:16:58;20;-;Trovan Unique;000783B3B0;-;00000000;00000000;-;""
4980;26-11-2018;12:16:59;10;-;Trovan Unique;000783B3B0;-;00000000;00000000;-;""
4981;26-11-2018;12:17:00;10;-;Trovan Unique;0007ACC57C;-;00000000;00000000;-;""
4982;26-11-2018;12:17:00;10;-;Trovan Unique;0007ACC57C;-;00000000;00000000;-;""
4983;26-11-2018;12:17:00;10;-;Trovan Unique;0007ACC57C;-;00000000;00000000;-;""
4984;26-11-2018;12:17:01;10;-;Trovan Unique;0007ACC57C;-;00000000;00000000;-;""
4985;26-11-2018;12:17:01;10;-;Trovan Unique;0007ACC57C;-;00000000;00000000;-;""
4986;26-11-2018;12:17:01;10;-;Trovan Unique;0007ACC57C;-;00000000;00000000;-;""
4987;26-11-2018;12:17:01;10;-;Trovan Unique;0007ACC57C;-;00000000;00000000;-;""
4988;26-11-2018;12:17:43;10;-;Trovan Unique;0007AC2039;-;00000000;00000000;-;""
4989;26-11-2018;12:17:45;10;-;Trovan Unique;0007AC2039;-;00000000;00000000;-;""
4990;26-11-2018;12:18:10;40;-;Trovan Unique;0007AC2039;-;00000000;00000000;-;""
4991;26-11-2018;12:18:11;40;-;Trovan Unique;0007AC2039;-;00000000;00000000;-;""
4992;26-11-2018;12:18:12;40;-;Trovan Unique;0007AC2039;-;00000000;00000000;-;""
4993;26-11-2018;12:18:12;40;-;Trovan Unique;0007AC2039;-;00000000;00000000;-;""
4994;26-11-2018;12:18:14;40;-;Trovan Unique;0007AC2039;-;00000000;00000000;-;""
4995;26-11-2018;12:18:15;40;-;Trovan Unique;0007AC2039;-;00000000;00000000;-;""
4996;26-11-2018;12:19:09;10;-;Trovan Unique;0007B0F2C5;-;00000000;00000000;-;""
4997;26-11-2018;12:19:12;10;-;Trovan Unique;0007B0F2C5;-;00000000;00000000;-;""
4998;26-11-2018;12:27:46;40;-;Trovan Unique;0007B0F2C5;-;00000000;00000000;-;""
4999;26-11-2018;12:41:53;10;-;Trovan Unique;000783B3B0;-;00000000;00000000;-;""
5000;26-11-2018;12:44:55;10;-;Trovan Unique;000783B3B0;-;00000000;00000000;-;""
5001;26-11-2018;12:44:55;10;-;Trovan Unique;000783B3B0;-;00000000;00000000;-;""
5002;26-11-2018;12:44:56;10;-;Trovan Unique;000783B3B0;-;00000000;00000000;-;""
5003;26-11-2018;12:44:56;10;-;Trovan Unique;000783B3B0;-;00000000;00000000;-;""
5004;26-11-2018;12:44:57;10;-;Trovan Unique;000783B3B0;-;00000000;00000000;-;""
5005;26-11-2018;12:44:57;10;-;Trovan Unique;000783B3B0;-;00000000;00000000;-;""
5006;26-11-2018;12:46:34;40;-;Trovan Unique;0007AC2039;-;00000000;00000000;-;""
5007;26-11-2018;12:46:45;10;-;Trovan Unique;0007AC2039;-;00000000;00000000;-;""
5008;26-11-2018;12:46:46;10;-;Trovan Unique;0007AC2039;-;00000000;00000000;-;""
5009;26-11-2018;12:46:46;10;-;Trovan Unique;0007AC2039;-;00000000;00000000;-;""
5010;26-11-2018;12:46:47;10;-;Trovan Unique;0007AC2039;-;00000000;00000000;-;""
5011;26-11-2018;12:46:58;40;-;Trovan Unique;0007AC2039;-;00000000;00000000;-;""
5012;26-11-2018;12:46:59;40;-;Trovan Unique;0007AC2039;-;00000000;00000000;-;""
5013;26-11-2018;12:47:09;10;-;Trovan Unique;0007AC2039;-;00000000;00000000;-;""
5014;26-11-2018;12:47:09;10;-;Trovan Unique;0007AC2039;-;00000000;00000000;-;""
5015;26-11-2018;12:47:09;10;-;Trovan Unique;0007AC2039;-;00000000;00000000;-;""
5016;26-11-2018;12:47:10;10;-;Trovan Unique;0007AC2039;-;00000000;00000000;-;""
5017;26-11-2018;12:47:10;10;-;Trovan Unique;0007AC2039;-;00000000;00000000;-;""
5018;26-11-2018;12:47:10;10;-;Trovan Unique;0007AC2039;-;00000000;00000000;-;""
5019;26-11-2018;12:47:11;10;-;Trovan Unique;0007AC2039;-;00000000;00000000;-;""
5020;26-11-2018;12:47:11;10;-;Trovan Unique;0007AC2039;-;00000000;00000000;-;""
5021;26-11-2018;12:47:11;10;-;Trovan Unique;0007AC2039;-;00000000;00000000;-;""
5022;26-11-2018;12:47:12;10;-;Trovan Unique;0007AC2039;-;00000000;00000000;-;""
5023;26-11-2018;12:47:46;40;-;Trovan Unique;0007AC2039;-;00000000;00000000;-;""
5024;26-11-2018;12:47:47;40;-;Trovan Unique;0007AC2039;-;00000000;00000000;-;""
5025;26-11-2018;12:47:47;40;-;Trovan Unique;0007AC2039;-;00000000;00000000;-;""
5026;26-11-2018;12:47:51;40;-;Trovan Unique;0007AC2039;-;00000000;00000000;-;""
5027;26-11-2018;12:47:53;40;-;Trovan Unique;0007AC2039;-;00000000;00000000;-;""
5028;26-11-2018;12:52:02;40;-;Trovan Unique;0007AC2039;-;00000000;00000000;-;""
5029;26-11-2018;12:52:02;40;-;Trovan Unique;0007AC2039;-;00000000;00000000;-;""
5030;26-11-2018;12:55:21;40;-;Trovan Unique;0007B0F2C5;-;00000000;00000000;-;""
5031;26-11-2018;12:55:22;40;-;Trovan Unique;0007B0F2C5;-;00000000;00000000;-;""
5032;26-11-2018;12:55:40;10;-;Trovan Unique;000783B3B0;-;00000000;00000000;-;""
5033;26-11-2018;12:55:41;10;-;Trovan Unique;000783B3B0;-;00000000;00000000;-;""
5034;26-11-2018;12:55:41;10;-;Trovan Unique;000783B3B0;-;00000000;00000000;-;""
5035;26-11-2018;12:56:29;10;-;Trovan Unique;0007ABB698;-;00000000;00000000;-;""
5036;26-11-2018;12:56:30;40;-;Trovan Unique;0007B0F2C5;-;00000000;00000000;-;""
5037;26-11-2018;12:56:30;10;-;Trovan Unique;0007ABB698;-;00000000;00000000;-;""
5038;26-11-2018;12:56:30;40;-;Trovan Unique;0007B0F2C5;-;00000000;00000000;-;""
5039;26-11-2018;12:56:30;10;-;Trovan Unique;0007ABB698;-;00000000;00000000;-;""
5040;26-11-2018;12:56:31;40;-;Trovan Unique;0007B0F2C5;-;00000000;00000000;-;""
5041;26-11-2018;12:56:32;40;-;Trovan Unique;0007B0F2C5;-;00000000;00000000;-;""
5042;26-11-2018;12:56:32;40;-;Trovan Unique;0007B0F2C5;-;00000000;00000000;-;""
5043;26-11-2018;12:56:34;40;-;Trovan Unique;0007B0F2C5;-;00000000;00000000;-;""
5044;26-11-2018;12:56:35;40;-;Trovan Unique;0007B0F2C5;-;00000000;00000000;-;""
5045;26-11-2018;12:56:36;40;-;Trovan Unique;0007B0F2C5;-;00000000;00000000;-;""
5046;26-11-2018;12:56:39;10;-;Trovan Unique;000783B3B0;-;00000000;00000000;-;""
5047;26-11-2018;12:57:37;10;-;Trovan Unique;000783B3B0;-;00000000;00000000;-;""
5048;26-11-2018;12:57:38;10;-;Trovan Unique;000783B3B0;-;00000000;00000000;-;""
5049;26-11-2018;12:57:40;10;-;Trovan Unique;000783B3B0;-;00000000;00000000;-;""
5050;26-11-2018;12:57:41;10;-;Trovan Unique;000783B3B0;-;00000000;00000000;-;""
5051;26-11-2018;12:58:10;10;-;Trovan Unique;0007ABB698;-;00000000;00000000;-;""
5052;26-11-2018;12:58:14;10;-;Trovan Unique;0007ABB698;-;00000000;00000000;-;""
5053;26-11-2018;12:58:17;10;-;Trovan Unique;0007ABB698;-;00000000;00000000;-;""
5054;26-11-2018;12:58:20;10;-;Trovan Unique;0007ABB698;-;00000000;00000000;-;""
5055;26-11-2018;12:58:21;10;-;Trovan Unique;0007ABB698;-;00000000;00000000;-;""
5056;26-11-2018;12:58:24;10;-;Trovan Unique;0007ABB698;-;00000000;00000000;-;""
5057;26-11-2018;12:58:25;10;-;Trovan Unique;0007ABB698;-;00000000;00000000;-;""
5058;26-11-2018;12:58:51;10;-;Trovan Unique;0007ABB698;-;00000000;00000000;-;""
5059;26-11-2018;12:58:52;10;-;Trovan Unique;0007ABB698;-;00000000;00000000;-;""
5060;26-11-2018;12:58:52;10;-;Trovan Unique;0007ABB698;-;00000000;00000000;-;""
5061;26-11-2018;12:58:52;10;-;Trovan Unique;0007ABB698;-;00000000;00000000;-;""
5062;26-11-2018;12:58:53;10;-;Trovan Unique;0007ABB698;-;00000000;00000000;-;""
5063;26-11-2018;12:58:53;10;-;Trovan Unique;0007ABB698;-;00000000;00000000;-;""
5064;26-11-2018;12:58:53;10;-;Trovan Unique;0007ABB698;-;00000000;00000000;-;""
5065;26-11-2018;12:58:54;10;-;Trovan Unique;0007ABB698;-;00000000;00000000;-;""
5066;26-11-2018;12:58:54;10;-;Trovan Unique;0007ABB698;-;00000000;00000000;-;""
5067;26-11-2018;12:58:54;10;-;Trovan Unique;0007ABB698;-;00000000;00000000;-;""
5068;26-11-2018;12:58:55;10;-;Trovan Unique;0007ABB698;-;00000000;00000000;-;""
5069;26-11-2018;12:58:55;10;-;Trovan Unique;0007ABB698;-;00000000;00000000;-;""
5070;26-11-2018;12:58:55;10;-;Trovan Unique;0007ABB698;-;00000000;00000000;-;""
5071;26-11-2018;12:58:56;10;-;Trovan Unique;0007ABB698;-;00000000;00000000;-;""
5072;26-11-2018;12:58:56;10;-;Trovan Unique;0007ABB698;-;00000000;00000000;-;""
5073;26-11-2018;12:58:56;10;-;Trovan Unique;0007ABB698;-;00000000;00000000;-;""
5074;26-11-2018;12:58:57;10;-;Trovan Unique;0007ABB698;-;00000000;00000000;-;""
5075;26-11-2018;12:58:57;10;-;Trovan Unique;0007ABB698;-;00000000;00000000;-;""
5076;26-11-2018;12:58:58;10;-;Trovan Unique;0007ABB698;-;00000000;00000000;-;""
5077;26-11-2018;12:58:58;10;-;Trovan Unique;0007ABB698;-;00000000;00000000;-;""
5078;26-11-2018;12:58:59;10;-;Trovan Unique;0007ABB698;-;00000000;00000000;-;""
5079;26-11-2018;12:59:02;10;-;Trovan Unique;0007ABB698;-;00000000;00000000;-;""
5080;26-11-2018;12:59:02;10;-;Trovan Unique;0007ABB698;-;00000000;00000000;-;""
5081;26-11-2018;12:59:02;10;-;Trovan Unique;0007ABB698;-;00000000;00000000;-;""
5082;26-11-2018;12:59:02;10;-;Trovan Unique;0007ABB698;-;00000000;00000000;-;""
5083;26-11-2018;12:59:03;10;-;Trovan Unique;0007ABB698;-;00000000;00000000;-;""
5084;26-11-2018;12:59:03;10;-;Trovan Unique;0007ABB698;-;00000000;00000000;-;""
5085;26-11-2018;12:59:03;10;-;Trovan Unique;0007ABB698;-;00000000;00000000;-;""
5086;26-11-2018;12:59:04;10;-;Trovan Unique;0007ABB698;-;00000000;00000000;-;""
5087;26-11-2018;12:59:04;10;-;Trovan Unique;0007ABB698;-;00000000;00000000;-;""
5088;26-11-2018;12:59:04;10;-;Trovan Unique;0007ABB698;-;00000000;00000000;-;""
5089;26-11-2018;12:59:05;10;-;Trovan Unique;0007ABB698;-;00000000;00000000;-;""
5090;26-11-2018;12:59:08;10;-;Trovan Unique;0007ABB698;-;00000000;00000000;-;""
5091;26-11-2018;12:59:08;10;-;Trovan Unique;0007ABB698;-;00000000;00000000;-;""
5092;26-11-2018;12:59:31;10;-;Trovan Unique;0007ABB698;-;00000000;00000000;-;""
5093;26-11-2018;12:59:32;10;-;Trovan Unique;0007ABB698;-;00000000;00000000;-;""
5094;26-11-2018;12:59:32;10;-;Trovan Unique;0007ABB698;-;00000000;00000000;-;""
5095;26-11-2018;12:59:32;10;-;Trovan Unique;0007ABB698;-;00000000;00000000;-;""
5096;26-11-2018;12:59:42;10;-;Trovan Unique;000783B3B0;-;00000000;00000000;-;""
5097;26-11-2018;12:59:43;10;-;Trovan Unique;000783B3B0;-;00000000;00000000;-;""
5098;26-11-2018;12:59:43;10;-;Trovan Unique;000783B3B0;-;00000000;00000000;-;""
5099;26-11-2018;12:59:43;10;-;Trovan Unique;000783B3B0;-;00000000;00000000;-;""
5100;26-11-2018;12:59:44;10;-;Trovan Unique;000783B3B0;-;00000000;00000000;-;""
5101;26-11-2018;12:59:45;20;-;Trovan Unique;000783B3B0;-;00000000;00000000;-;""
5102;26-11-2018;13:00:24;20;-;Trovan Unique;000783B3B0;-;00000000;00000000;-;""
5103;26-11-2018;13:00:24;20;-;Trovan Unique;000783B3B0;-;00000000;00000000;-;""
5104;26-11-2018;13:00:28;20;-;Trovan Unique;000783B3B0;-;00000000;00000000;-;""
5105;26-11-2018;13:00:29;20;-;Trovan Unique;000783B3B0;-;00000000;00000000;-;""
5106;26-11-2018;13:00:30;10;-;Trovan Unique;000783B3B0;-;00000000;00000000;-;""
5107;26-11-2018;13:01:39;10;-;Trovan Unique;0007B0F2C5;-;00000000;00000000;-;""
5108;26-11-2018;13:01:39;10;-;Trovan Unique;0007B0F2C5;-;00000000;00000000;-;""
5109;26-11-2018;13:01:39;10;-;Trovan Unique;0007B0F2C5;-;00000000;00000000;-;""
5110;26-11-2018;13:01:40;10;-;Trovan Unique;0007B0F2C5;-;00000000;00000000;-;""
5111;26-11-2018;13:01:40;10;-;Trovan Unique;0007B0F2C5;-;00000000;00000000;-;""
5112;26-11-2018;13:01:40;10;-;Trovan Unique;0007B0F2C5;-;00000000;00000000;-;""
5113;26-11-2018;13:05:06;40;-;Trovan Unique;0007B0F2C5;-;00000000;00000000;-;""
5114;26-11-2018;13:14:39;40;-;Trovan Unique;0007AC2039;-;00000000;00000000;-;""
5115;26-11-2018;13:14:39;40;-;Trovan Unique;0007AC2039;-;00000000;00000000;-;""
5116;26-11-2018;13:14:41;40;-;Trovan Unique;0007AC2039;-;00000000;00000000;-;""
5117;26-11-2018;13:14:57;40;-;Trovan Unique;0007AC2039;-;00000000;00000000;-;""
5118;26-11-2018;13:14:58;40;-;Trovan Unique;0007AC2039;-;00000000;00000000;-;""
5119;26-11-2018;13:15:00;30;-;Trovan Unique;0007AC2039;-;00000000;00000000;-;""
5120;26-11-2018;13:15:06;30;-;Trovan Unique;0007AC2039;-;00000000;00000000;-;""
5121;26-11-2018;13:15:07;30;-;Trovan Unique;0007AC2039;-;00000000;00000000;-;""
5122;26-11-2018;13:15:08;30;-;Trovan Unique;0007AC2039;-;00000000;00000000;-;""
5123;26-11-2018;13:15:08;30;-;Trovan Unique;0007AC2039;-;00000000;00000000;-;""
5124;26-11-2018;13:15:09;30;-;Trovan Unique;0007AC2039;-;00000000;00000000;-;""
5125;26-11-2018;13:15:14;30;-;Trovan Unique;0007AC2039;-;00000000;00000000;-;""
5126;26-11-2018;13:15:16;40;-;Trovan Unique;0007AC2039;-;00000000;00000000;-;""
5127;26-11-2018;13:16:05;10;-;Trovan Unique;0007ABB698;-;00000000;00000000;-;""
5128;26-11-2018;13:16:06;10;-;Trovan Unique;0007ABB698;-;00000000;00000000;-;""
5129;26-11-2018;13:16:06;10;-;Trovan Unique;0007ABB698;-;00000000;00000000;-;""
5130;26-11-2018;13:16:07;10;-;Trovan Unique;0007ABB698;-;00000000;00000000;-;""
5131;26-11-2018;13:16:08;10;-;Trovan Unique;0007ABB698;-;00000000;00000000;-;""
5132;26-11-2018;13:16:38;10;-;Trovan Unique;0007B0F2C5;-;00000000;00000000;-;""
5133;26-11-2018;13:16:38;10;-;Trovan Unique;0007B0F2C5;-;00000000;00000000;-;""
5134;26-11-2018;13:19:31;40;-;Trovan Unique;0007AB9DDE;-;00000000;00000000;-;""
5135;26-11-2018;13:19:34;40;-;Trovan Unique;0007AB9DDE;-;00000000;00000000;-;""
5136;26-11-2018;13:19:38;40;-;Trovan Unique;0007AB9DDE;-;00000000;00000000;-;""
5137;26-11-2018;13:28:49;40;-;Trovan Unique;0007AC2039;-;00000000;00000000;-;""
5138;26-11-2018;13:30:32;40;-;Trovan Unique;0007B0F2C5;-;00000000;00000000;-;""
5139;26-11-2018;13:30:33;40;-;Trovan Unique;0007B0F2C5;-;00000000;00000000;-;""
5140;26-11-2018;13:31:33;10;-;Trovan Unique;000783B3B0;-;00000000;00000000;-;""
5141;26-11-2018;13:31:33;10;-;Trovan Unique;000783B3B0;-;00000000;00000000;-;""
5142;26-11-2018;13:31:33;10;-;Trovan Unique;000783B3B0;-;00000000;00000000;-;""
5143;26-11-2018;13:31:34;10;-;Trovan Unique;000783B3B0;-;00000000;00000000;-;""
5144;26-11-2018;13:31:34;10;-;Trovan Unique;000783B3B0;-;00000000;00000000;-;""
5145;26-11-2018;13:31:34;10;-;Trovan Unique;000783B3B0;-;00000000;00000000;-;""
5146;26-11-2018;13:31:35;10;-;Trovan Unique;000783B3B0;-;00000000;00000000;-;""
5147;26-11-2018;13:31:36;20;-;Trovan Unique;000783B3B0;-;00000000;00000000;-;""
5148;26-11-2018;13:31:43;40;-;Trovan Unique;0007838EE2;-;00000000;00000000;-;""
5149;26-11-2018;13:31:57;40;-;Trovan Unique;0007AC2039;-;00000000;00000000;-;""
5150;26-11-2018;13:31:58;40;-;Trovan Unique;0007AC2039;-;00000000;00000000;-;""
5151;26-11-2018;13:32:02;10;-;Trovan Unique;0007B0F2C5;-;00000000;00000000;-;""
5152;26-11-2018;13:32:03;10;-;Trovan Unique;0007B0F2C5;-;00000000;00000000;-;""
5153;26-11-2018;13:32:03;10;-;Trovan Unique;0007B0F2C5;-;00000000;00000000;-;""
5154;26-11-2018;13:32:03;10;-;Trovan Unique;0007B0F2C5;-;00000000;00000000;-;""
5155;26-11-2018;13:32:04;10;-;Trovan Unique;0007B0F2C5;-;00000000;00000000;-;""
5156;26-11-2018;13:32:04;10;-;Trovan Unique;0007B0F2C5;-;00000000;00000000;-;""
5157;26-11-2018;13:32:05;20;-;Trovan Unique;0007B0F2C5;-;00000000;00000000;-;""
5158;26-11-2018;13:32:36;20;-;Trovan Unique;000783B3B0;-;00000000;00000000;-;""
5159;26-11-2018;13:32:37;20;-;Trovan Unique;000783B3B0;-;00000000;00000000;-;""
5160;26-11-2018;13:32:37;20;-;Trovan Unique;000783B3B0;-;00000000;00000000;-;""
5161;26-11-2018;13:32:39;10;-;Trovan Unique;000783B3B0;-;00000000;00000000;-;""
5162;26-11-2018;13:32:39;10;-;Trovan Unique;000783B3B0;-;00000000;00000000;-;""
5163;26-11-2018;13:33:03;40;-;Trovan Unique;0007B04C31;-;00000000;00000000;-;""
5164;26-11-2018;13:33:43;40;-;Trovan Unique;0007AC2039;-;00000000;00000000;-;""
5165;26-11-2018;13:33:44;30;-;Trovan Unique;0007AC2039;-;00000000;00000000;-;""
5166;26-11-2018;13:33:55;30;-;Trovan Unique;0007AC2039;-;00000000;00000000;-;""
5167;26-11-2018;13:33:56;40;-;Trovan Unique;0007AC2039;-;00000000;00000000;-;""
5168;26-11-2018;13:34:08;10;-;Trovan Unique;0007B01AEF;-;00000000;00000000;-;""
5169;26-11-2018;13:34:08;10;-;Trovan Unique;0007B01AEF;-;00000000;00000000;-;""
5170;26-11-2018;13:34:08;10;-;Trovan Unique;0007B01AEF;-;00000000;00000000;-;""
5171;26-11-2018;13:35:01;10;-;Trovan Unique;0007B01AEF;-;00000000;00000000;-;""
5172;26-11-2018;13:35:01;10;-;Trovan Unique;0007B01AEF;-;00000000;00000000;-;""
5173;26-11-2018;13:35:01;10;-;Trovan Unique;0007B01AEF;-;00000000;00000000;-;""
5174;26-11-2018;13:35:01;10;-;Trovan Unique;0007B01AEF;-;00000000;00000000;-;""
5175;26-11-2018;13:35:02;10;-;Trovan Unique;0007B01AEF;-;00000000;00000000;-;""
5176;26-11-2018;13:35:02;10;-;Trovan Unique;0007B01AEF;-;00000000;00000000;-;""
5177;26-11-2018;13:35:02;10;-;Trovan Unique;0007B01AEF;-;00000000;00000000;-;""
5178;26-11-2018;13:35:07;20;-;Trovan Unique;0007B0F2C5;-;00000000;00000000;-;""
5179;26-11-2018;13:35:08;20;-;Trovan Unique;0007B0F2C5;-;00000000;00000000;-;""
5180;26-11-2018;13:35:12;20;-;Trovan Unique;0007B0F2C5;-;00000000;00000000;-;""
5181;26-11-2018;13:35:13;20;-;Trovan Unique;0007B0F2C5;-;00000000;00000000;-;""
5182;26-11-2018;13:35:13;20;-;Trovan Unique;0007B0F2C5;-;00000000;00000000;-;""
5183;26-11-2018;13:35:13;20;-;Trovan Unique;0007B0F2C5;-;00000000;00000000;-;""
5184;26-11-2018;13:35:14;20;-;Trovan Unique;0007B0F2C5;-;00000000;00000000;-;""
5185;26-11-2018;13:35:14;20;-;Trovan Unique;0007B0F2C5;-;00000000;00000000;-;""
5186;26-11-2018;13:35:16;10;-;Trovan Unique;0007B0F2C5;-;00000000;00000000;-;""
5187;26-11-2018;13:35:16;10;-;Trovan Unique;0007B0F2C5;-;00000000;00000000;-;""
5188;26-11-2018;13:35:31;40;-;Trovan Unique;0007ABB698;-;00000000;00000000;-;""
5189;26-11-2018;13:35:53;10;-;Trovan Unique;0007ABB698;-;00000000;00000000;-;""
5190;26-11-2018;13:35:54;10;-;Trovan Unique;0007ABB698;-;00000000;00000000;-;""
5191;26-11-2018;13:35:54;10;-;Trovan Unique;0007ABB698;-;00000000;00000000;-;""
5192;26-11-2018;13:36:25;10;-;Trovan Unique;0007B01AEF;-;00000000;00000000;-;""
5193;26-11-2018;13:36:26;10;-;Trovan Unique;0007B01AEF;-;00000000;00000000;-;""
5194;26-11-2018;13:36:26;10;-;Trovan Unique;0007B01AEF;-;00000000;00000000;-;""
5195;26-11-2018;13:36:26;10;-;Trovan Unique;0007B01AEF;-;00000000;00000000;-;""
5196;26-11-2018;13:36:27;10;-;Trovan Unique;0007B01AEF;-;00000000;00000000;-;""
5197;26-11-2018;13:36:27;10;-;Trovan Unique;0007B01AEF;-;00000000;00000000;-;""
5198;26-11-2018;13:36:27;10;-;Trovan Unique;0007B01AEF;-;00000000;00000000;-;""
5199;26-11-2018;13:36:27;10;-;Trovan Unique;0007B01AEF;-;00000000;00000000;-;""
5200;26-11-2018;13:36:28;10;-;Trovan Unique;0007B01AEF;-;00000000;00000000;-;""
5201;26-11-2018;13:36:28;10;-;Trovan Unique;0007B01AEF;-;00000000;00000000;-;""
5202;26-11-2018;13:36:28;10;-;Trovan Unique;0007B01AEF;-;00000000;00000000;-;""
5203;26-11-2018;13:36:29;10;-;Trovan Unique;0007B01AEF;-;00000000;00000000;-;""
5204;26-11-2018;13:36:29;10;-;Trovan Unique;0007B01AEF;-;00000000;00000000;-;""
5205;26-11-2018;13:36:29;40;-;Trovan Unique;0007ABB698;-;00000000;00000000;-;""
5206;26-11-2018;13:36:36;40;-;Trovan Unique;0007ABB698;-;00000000;00000000;-;""
5207;26-11-2018;13:36:37;40;-;Trovan Unique;0007ABB698;-;00000000;00000000;-;""
5208;26-11-2018;13:36:38;40;-;Trovan Unique;0007ABB698;-;00000000;00000000;-;""
5209;26-11-2018;13:37:05;40;-;Trovan Unique;0007ABB698;-;00000000;00000000;-;""
5210;26-11-2018;13:37:09;40;-;Trovan Unique;0007ABB698;-;00000000;00000000;-;""
5211;26-11-2018;13:37:26;10;-;Trovan Unique;0007AFE407;-;00000000;00000000;-;""
5212;26-11-2018;13:37:26;10;-;Trovan Unique;0007AFE407;-;00000000;00000000;-;""
5213;26-11-2018;13:37:27;10;-;Trovan Unique;0007AFE407;-;00000000;00000000;-;""
5214;26-11-2018;13:37:27;10;-;Trovan Unique;0007AFE407;-;00000000;00000000;-;""
5215;26-11-2018;13:38:06;10;-;Trovan Unique;0007B01AEF;-;00000000;00000000;-;""
5216;26-11-2018;13:38:07;10;-;Trovan Unique;0007B01AEF;-;00000000;00000000;-;""
5217;26-11-2018;13:38:07;10;-;Trovan Unique;0007B01AEF;-;00000000;00000000;-;""
5218;26-11-2018;13:38:07;10;-;Trovan Unique;0007B01AEF;-;00000000;00000000;-;""
5219;26-11-2018;13:38:07;10;-;Trovan Unique;0007B01AEF;-;00000000;00000000;-;""
5220;26-11-2018;13:38:08;10;-;Trovan Unique;0007B01AEF;-;00000000;00000000;-;""
5221;26-11-2018;13:38:08;10;-;Trovan Unique;0007B01AEF;-;00000000;00000000;-;""
5222;26-11-2018;13:38:08;10;-;Trovan Unique;0007B01AEF;-;00000000;00000000;-;""
5223;26-11-2018;13:38:09;10;-;Trovan Unique;0007B01AEF;-;00000000;00000000;-;""
5224;26-11-2018;13:38:10;10;-;Trovan Unique;0007B01AEF;-;00000000;00000000;-;""
5225;26-11-2018;13:38:10;10;-;Trovan Unique;0007B01AEF;-;00000000;00000000;-;""
5226;26-11-2018;13:38:10;10;-;Trovan Unique;0007B01AEF;-;00000000;00000000;-;""
5227;26-11-2018;13:38:10;10;-;Trovan Unique;0007B01AEF;-;00000000;00000000;-;""
5228;26-11-2018;13:38:15;10;-;Trovan Unique;0007ABB698;-;00000000;00000000;-;""
5229;26-11-2018;13:38:37;40;-;Trovan Unique;0007ABB698;-;00000000;00000000;-;""
5230;26-11-2018;13:38:38;40;-;Trovan Unique;0007ABB698;-;00000000;00000000;-;""
5231;26-11-2018;13:38:39;40;-;Trovan Unique;0007ABB698;-;00000000;00000000;-;""
5232;26-11-2018;13:38:40;40;-;Trovan Unique;0007ABB698;-;00000000;00000000;-;""
5233;26-11-2018;13:38:41;40;-;Trovan Unique;0007ABB698;-;00000000;00000000;-;""
5234;26-11-2018;13:38:42;40;-;Trovan Unique;0007ABB698;-;00000000;00000000;-;""
5235;26-11-2018;13:38:42;40;-;Trovan Unique;0007ABB698;-;00000000;00000000;-;""
5236;26-11-2018;13:38:43;40;-;Trovan Unique;0007ABB698;-;00000000;00000000;-;""
5237;26-11-2018;13:38:44;40;-;Trovan Unique;0007ABB698;-;00000000;00000000;-;""
5238;26-11-2018;13:38:44;40;-;Trovan Unique;0007ABB698;-;00000000;00000000;-;""
5239;26-11-2018;13:38:45;40;-;Trovan Unique;0007ABB698;-;00000000;00000000;-;""
5240;26-11-2018;13:39:02;10;-;Trovan Unique;0007ABB698;-;00000000;00000000;-;""
5241;26-11-2018;13:39:02;10;-;Trovan Unique;0007ABB698;-;00000000;00000000;-;""
5242;26-11-2018;13:39:03;10;-;Trovan Unique;0007ABB698;-;00000000;00000000;-;""
5243;26-11-2018;13:39:03;10;-;Trovan Unique;0007ABB698;-;00000000;00000000;-;""
5244;26-11-2018;13:39:04;10;-;Trovan Unique;0007ABB698;-;00000000;00000000;-;""
5245;26-11-2018;13:39:04;10;-;Trovan Unique;0007ABB698;-;00000000;00000000;-;""
5246;26-11-2018;13:39:05;10;-;Trovan Unique;0007ABB698;-;00000000;00000000;-;""
5247;26-11-2018;13:39:05;10;-;Trovan Unique;0007ABB698;-;00000000;00000000;-;""
5248;26-11-2018;13:39:06;10;-;Trovan Unique;0007ABB698;-;00000000;00000000;-;""
5249;26-11-2018;13:39:06;10;-;Trovan Unique;0007ABB698;-;00000000;00000000;-;""
5250;26-11-2018;13:39:07;10;-;Trovan Unique;0007ABB698;-;00000000;00000000;-;""
5251;26-11-2018;13:39:07;10;-;Trovan Unique;0007ABB698;-;00000000;00000000;-;""
5252;26-11-2018;13:39:15;10;-;Trovan Unique;0007ABB698;-;00000000;00000000;-;""
5253;26-11-2018;13:39:16;10;-;Trovan Unique;0007ABB698;-;00000000;00000000;-;""
5254;26-11-2018;13:39:16;10;-;Trovan Unique;0007ABB698;-;00000000;00000000;-;""
5255;26-11-2018;13:39:16;10;-;Trovan Unique;0007ABB698;-;00000000;00000000;-;""
5256;26-11-2018;13:39:17;10;-;Trovan Unique;0007ABB698;-;00000000;00000000;-;""
5257;26-11-2018;13:39:17;10;-;Trovan Unique;0007ABB698;-;00000000;00000000;-;""
5258;26-11-2018;13:39:17;10;-;Trovan Unique;0007ABB698;-;00000000;00000000;-;""
5259;26-11-2018;13:39:18;10;-;Trovan Unique;0007ABB698;-;00000000;00000000;-;""
5260;26-11-2018;13:43:50;40;-;Trovan Unique;0007ACC57C;-;00000000;00000000;-;""
5261;26-11-2018;13:55:48;40;-;Trovan Unique;0007AC2039;-;00000000;00000000;-;""
5262;26-11-2018;13:55:49;40;-;Trovan Unique;0007AC2039;-;00000000;00000000;-;""
5263;26-11-2018;13:55:50;40;-;Trovan Unique;0007AC2039;-;00000000;00000000;-;""
5264;26-11-2018;13:55:51;40;-;Trovan Unique;0007AC2039;-;00000000;00000000;-;""
5265;26-11-2018;13:55:51;40;-;Trovan Unique;0007AC2039;-;00000000;00000000;-;""
5266;26-11-2018;13:55:53;30;-;Trovan Unique;0007AC2039;-;00000000;00000000;-;""
5267;26-11-2018;13:56:09;30;-;Trovan Unique;0007AC2039;-;00000000;00000000;-;""
5268;26-11-2018;13:56:09;40;-;Trovan Unique;0007ACC57C;-;00000000;00000000;-;""
5269;26-11-2018;13:56:09;30;-;Trovan Unique;0007AC2039;-;00000000;00000000;-;""
5270;26-11-2018;13:56:09;40;-;Trovan Unique;0007ACC57C;-;00000000;00000000;-;""
5271;26-11-2018;13:56:10;30;-;Trovan Unique;0007AC2039;-;00000000;00000000;-;""
5272;26-11-2018;13:56:10;40;-;Trovan Unique;0007AC2039;-;00000000;00000000;-;""
5273;26-11-2018;14:00:59;10;-;Trovan Unique;000783B3B0;-;00000000;00000000;-;""
5274;26-11-2018;14:00:59;10;-;Trovan Unique;000783B3B0;-;00000000;00000000;-;""
5275;26-11-2018;14:00:59;10;-;Trovan Unique;000783B3B0;-;00000000;00000000;-;""
5276;26-11-2018;14:01:00;10;-;Trovan Unique;000783B3B0;-;00000000;00000000;-;""
5277;26-11-2018;14:03:18;40;-;Trovan Unique;0007AB9DDE;-;00000000;00000000;-;""
5278;26-11-2018;14:03:19;40;-;Trovan Unique;0007AB9DDE;-;00000000;00000000;-;""
5279;26-11-2018;14:03:35;40;-;Trovan Unique;0007AB9DDE;-;00000000;00000000;-;""
5280;26-11-2018;14:03:36;40;-;Trovan Unique;0007AB9DDE;-;00000000;00000000;-;""
5281;26-11-2018;14:03:36;40;-;Trovan Unique;0007AB9DDE;-;00000000;00000000;-;""
5282;26-11-2018;14:03:37;40;-;Trovan Unique;0007AB9DDE;-;00000000;00000000;-;""
5283;26-11-2018;14:03:41;40;-;Trovan Unique;0007ABB698;-;00000000;00000000;-;""
5284;26-11-2018;14:03:42;40;-;Trovan Unique;0007ABB698;-;00000000;00000000;-;""
5285;26-11-2018;14:03:43;40;-;Trovan Unique;0007ABB698;-;00000000;00000000;-;""
5286;26-11-2018;14:03:43;40;-;Trovan Unique;0007ABB698;-;00000000;00000000;-;""
5287;26-11-2018;14:03:44;40;-;Trovan Unique;0007ABB698;-;00000000;00000000;-;""
5288;26-11-2018;14:03:45;40;-;Trovan Unique;0007ABB698;-;00000000;00000000;-;""
5289;26-11-2018;14:03:45;40;-;Trovan Unique;0007ABB698;-;00000000;00000000;-;""
5290;26-11-2018;14:03:46;40;-;Trovan Unique;0007ABB698;-;00000000;00000000;-;""
5291;26-11-2018;14:03:59;10;-;Trovan Unique;0007ABB698;-;00000000;00000000;-;""
5292;26-11-2018;14:03:59;10;-;Trovan Unique;0007ABB698;-;00000000;00000000;-;""
5293;26-11-2018;14:04:19;40;-;Trovan Unique;0007ABB698;-;00000000;00000000;-;""
5294;26-11-2018;14:04:20;40;-;Trovan Unique;0007ABB698;-;00000000;00000000;-;""
5295;26-11-2018;14:04:57;10;-;Trovan Unique;0007ABB698;-;00000000;00000000;-;""
5296;26-11-2018;14:04:57;10;-;Trovan Unique;0007ABB698;-;00000000;00000000;-;""
5297;26-11-2018;14:04:58;10;-;Trovan Unique;0007ABB698;-;00000000;00000000;-;""
5298;26-11-2018;14:04:58;10;-;Trovan Unique;0007ABB698;-;00000000;00000000;-;""
5299;26-11-2018;14:07:40;10;-;Trovan Unique;000783B3B0;-;00000000;00000000;-;""
5300;26-11-2018;14:07:40;10;-;Trovan Unique;000783B3B0;-;00000000;00000000;-;""
5301;26-11-2018;14:07:40;10;-;Trovan Unique;000783B3B0;-;00000000;00000000;-;""
5302;26-11-2018;14:07:42;20;-;Trovan Unique;000783B3B0;-;00000000;00000000;-;""
5303;26-11-2018;14:08:38;40;-;Trovan Unique;0007B04C31;-;00000000;00000000;-;""
5304;26-11-2018;14:08:39;40;-;Trovan Unique;0007B04C31;-;00000000;00000000;-;""
5305;26-11-2018;14:08:52;20;-;Trovan Unique;000783B3B0;-;00000000;00000000;-;""
5306;26-11-2018;14:08:52;20;-;Trovan Unique;000783B3B0;-;00000000;00000000;-;""
5307;26-11-2018;14:08:53;20;-;Trovan Unique;000783B3B0;-;00000000;00000000;-;""
5308;26-11-2018;14:08:54;20;-;Trovan Unique;000783B3B0;-;00000000;00000000;-;""
5309;26-11-2018;14:08:54;20;-;Trovan Unique;000783B3B0;-;00000000;00000000;-;""
5310;26-11-2018;14:08:55;20;-;Trovan Unique;000783B3B0;-;00000000;00000000;-;""
5311;26-11-2018;14:08:55;10;-;Trovan Unique;0007AB9DDE;-;00000000;00000000;-;""
5312;26-11-2018;14:08:55;20;-;Trovan Unique;000783B3B0;-;00000000;00000000;-;""
5313;26-11-2018;14:08:55;10;-;Trovan Unique;0007AB9DDE;-;00000000;00000000;-;""
5314;26-11-2018;14:08:56;20;-;Trovan Unique;000783B3B0;-;00000000;00000000;-;""
5315;26-11-2018;14:09:01;20;-;Trovan Unique;000783B3B0;-;00000000;00000000;-;""
5316;26-11-2018;14:09:01;20;-;Trovan Unique;000783B3B0;-;00000000;00000000;-;""
5317;26-11-2018;14:09:02;20;-;Trovan Unique;000783B3B0;-;00000000;00000000;-;""
5318;26-11-2018;14:09:06;20;-;Trovan Unique;000783B3B0;-;00000000;00000000;-;""
5319;26-11-2018;14:09:06;20;-;Trovan Unique;000783B3B0;-;00000000;00000000;-;""
5320;26-11-2018;14:09:07;20;-;Trovan Unique;000783B3B0;-;00000000;00000000;-;""
5321;26-11-2018;14:09:07;10;-;Trovan Unique;000783B3B0;-;00000000;00000000;-;""
5322;26-11-2018;14:09:07;10;-;Trovan Unique;000783B3B0;-;00000000;00000000;-;""
5323;26-11-2018;14:09:27;40;-;Trovan Unique;0007AC4333;-;00000000;00000000;-;""
5324;26-11-2018;14:09:28;40;-;Trovan Unique;0007AC4333;-;00000000;00000000;-;""
5325;26-11-2018;14:09:29;40;-;Trovan Unique;0007AC4333;-;00000000;00000000;-;""
5326;26-11-2018;14:10:05;40;-;Trovan Unique;0007AB9DDE;-;00000000;00000000;-;""
5327;26-11-2018;14:13:35;40;-;Trovan Unique;0007AB9DDE;-;00000000;00000000;-;""
5328;26-11-2018;14:14:21;40;-;Trovan Unique;0007AB9DDE;-;00000000;00000000;-;""
5329;26-11-2018;14:14:22;40;-;Trovan Unique;0007AB9DDE;-;00000000;00000000;-;""
5330;26-11-2018;14:14:23;40;-;Trovan Unique;0007AB9DDE;-;00000000;00000000;-;""
5331;26-11-2018;14:14:23;40;-;Trovan Unique;0007AB9DDE;-;00000000;00000000;-;""
5332;26-11-2018;14:16:52;40;-;Trovan Unique;0007B0F2C5;-;00000000;00000000;-;""
5333;26-11-2018;14:16:53;40;-;Trovan Unique;0007B0F2C5;-;00000000;00000000;-;""
5334;26-11-2018;14:17:06;40;-;Trovan Unique;0007B0F2C5;-;00000000;00000000;-;""
5335;26-11-2018;14:17:07;40;-;Trovan Unique;0007B0F2C5;-;00000000;00000000;-;""
5336;26-11-2018;14:17:07;40;-;Trovan Unique;0007B0F2C5;-;00000000;00000000;-;""
5337;26-11-2018;14:18:17;40;-;Trovan Unique;0007B0F2C5;-;00000000;00000000;-;""
5338;26-11-2018;14:18:18;40;-;Trovan Unique;0007B0F2C5;-;00000000;00000000;-;""
5339;26-11-2018;14:18:19;40;-;Trovan Unique;0007B0F2C5;-;00000000;00000000;-;""
5340;26-11-2018;14:18:20;40;-;Trovan Unique;0007B0F2C5;-;00000000;00000000;-;""
5341;26-11-2018;14:18:21;40;-;Trovan Unique;0007B0F2C5;-;00000000;00000000;-;""
5342;26-11-2018;14:18:21;40;-;Trovan Unique;0007B0F2C5;-;00000000;00000000;-;""
5343;26-11-2018;14:18:22;40;-;Trovan Unique;0007B0F2C5;-;00000000;00000000;-;""
5344;26-11-2018;14:18:23;40;-;Trovan Unique;0007B0F2C5;-;00000000;00000000;-;""
5345;26-11-2018;14:18:23;40;-;Trovan Unique;0007B0F2C5;-;00000000;00000000;-;""
5346;26-11-2018;14:18:50;40;-;Trovan Unique;0007ACC57C;-;00000000;00000000;-;""
5347;26-11-2018;14:19:28;10;-;Trovan Unique;0007B0F2C5;-;00000000;00000000;-;""
5348;26-11-2018;14:19:29;10;-;Trovan Unique;0007B0F2C5;-;00000000;00000000;-;""
5349;26-11-2018;14:19:29;10;-;Trovan Unique;0007B0F2C5;-;00000000;00000000;-;""
5350;26-11-2018;14:19:30;10;-;Trovan Unique;0007B0F2C5;-;00000000;00000000;-;""
5351;26-11-2018;14:19:30;10;-;Trovan Unique;0007B0F2C5;-;00000000;00000000;-;""
5352;26-11-2018;14:19:31;10;-;Trovan Unique;0007B0F2C5;-;00000000;00000000;-;""
5353;26-11-2018;14:19:36;10;-;Trovan Unique;0007B0F2C5;-;00000000;00000000;-;""
5354;26-11-2018;14:19:36;10;-;Trovan Unique;0007B0F2C5;-;00000000;00000000;-;""
5355;26-11-2018;14:19:57;10;-;Trovan Unique;0007B0F2C5;-;00000000;00000000;-;""
5356;26-11-2018;14:19:57;10;-;Trovan Unique;0007B0F2C5;-;00000000;00000000;-;""
5357;26-11-2018;14:19:59;10;-;Trovan Unique;0007B0F2C5;-;00000000;00000000;-;""
5358;26-11-2018;14:19:59;10;-;Trovan Unique;0007B0F2C5;-;00000000;00000000;-;""
5359;26-11-2018;14:19:59;10;-;Trovan Unique;0007B0F2C5;-;00000000;00000000;-;""
5360;26-11-2018;14:20:00;10;-;Trovan Unique;0007B0F2C5;-;00000000;00000000;-;""
5361;26-11-2018;14:20:01;20;-;Trovan Unique;0007B0F2C5;-;00000000;00000000;-;""
5362;26-11-2018;14:20:01;20;-;Trovan Unique;0007B0F2C5;-;00000000;00000000;-;""
5363;26-11-2018;14:20:19;40;-;Trovan Unique;0007AB9DDE;-;00000000;00000000;-;""
5364;26-11-2018;14:20:20;40;-;Trovan Unique;0007AB9DDE;-;00000000;00000000;-;""
5365;26-11-2018;14:20:21;40;-;Trovan Unique;0007AB9DDE;-;00000000;00000000;-;""
5366;26-11-2018;14:20:21;40;-;Trovan Unique;0007AB9DDE;-;00000000;00000000;-;""
5367;26-11-2018;14:20:59;30;-;Trovan Unique;0007B0F2C5;-;00000000;00000000;-;""
5368;26-11-2018;14:21:00;30;-;Trovan Unique;0007B0F2C5;-;00000000;00000000;-;""
5369;26-11-2018;14:21:00;30;-;Trovan Unique;0007B0F2C5;-;00000000;00000000;-;""
5370;26-11-2018;14:21:01;30;-;Trovan Unique;0007B0F2C5;-;00000000;00000000;-;""
5371;26-11-2018;14:21:01;40;-;Trovan Unique;0007AB9DDE;-;00000000;00000000;-;""
5372;26-11-2018;14:21:01;30;-;Trovan Unique;0007B0F2C5;-;00000000;00000000;-;""
5373;26-11-2018;14:21:02;40;-;Trovan Unique;0007AB9DDE;-;00000000;00000000;-;""
5374;26-11-2018;14:21:02;30;-;Trovan Unique;0007B0F2C5;-;00000000;00000000;-;""
5375;26-11-2018;14:21:02;30;-;Trovan Unique;0007B0F2C5;-;00000000;00000000;-;""
5376;26-11-2018;14:21:03;30;-;Trovan Unique;0007B0F2C5;-;00000000;00000000;-;""
5377;26-11-2018;14:21:03;30;-;Trovan Unique;0007B0F2C5;-;00000000;00000000;-;""
5378;26-11-2018;14:21:13;40;-;Trovan Unique;0007AC4333;-;00000000;00000000;-;""
5379;26-11-2018;14:21:17;30;-;Trovan Unique;0007B0F2C5;-;00000000;00000000;-;""
5380;26-11-2018;14:21:20;30;-;Trovan Unique;0007B0F2C5;-;00000000;00000000;-;""
5381;26-11-2018;14:21:21;30;-;Trovan Unique;0007B0F2C5;-;00000000;00000000;-;""
5382;26-11-2018;14:21:46;30;-;Trovan Unique;0007B0F2C5;-;00000000;00000000;-;""
5383;26-11-2018;14:21:46;30;-;Trovan Unique;0007B0F2C5;-;00000000;00000000;-;""
5384;26-11-2018;14:21:47;30;-;Trovan Unique;0007B0F2C5;-;00000000;00000000;-;""
5385;26-11-2018;14:21:48;40;-;Trovan Unique;0007B0F2C5;-;00000000;00000000;-;""
5386;26-11-2018;14:21:54;40;-;Trovan Unique;0007AB9DDE;-;00000000;00000000;-;""
5387;26-11-2018;14:21:55;40;-;Trovan Unique;0007AB9DDE;-;00000000;00000000;-;""
5388;26-11-2018;14:21:55;40;-;Trovan Unique;0007AB9DDE;-;00000000;00000000;-;""
5389;26-11-2018;14:21:57;40;-;Trovan Unique;0007AB9DDE;-;00000000;00000000;-;""
5390;26-11-2018;14:21:57;40;-;Trovan Unique;0007AB9DDE;-;00000000;00000000;-;""
5391;26-11-2018;14:21:58;40;-;Trovan Unique;0007AB9DDE;-;00000000;00000000;-;""
5392;26-11-2018;14:21:59;40;-;Trovan Unique;0007AB9DDE;-;00000000;00000000;-;""
5393;26-11-2018;14:22:47;40;-;Trovan Unique;0007AB9DDE;-;00000000;00000000;-;""
5394;26-11-2018;14:22:48;40;-;Trovan Unique;0007AB9DDE;-;00000000;00000000;-;""
5395;26-11-2018;14:22:49;40;-;Trovan Unique;0007AB9DDE;-;00000000;00000000;-;""
5396;26-11-2018;14:23:39;10;-;Trovan Unique;0007ABB698;-;00000000;00000000;-;""
5397;26-11-2018;14:23:39;10;-;Trovan Unique;0007ABB698;-;00000000;00000000;-;""
5398;26-11-2018;14:23:39;10;-;Trovan Unique;0007ABB698;-;00000000;00000000;-;""
5399;26-11-2018;14:23:40;10;-;Trovan Unique;0007ABB698;-;00000000;00000000;-;""
5400;26-11-2018;14:24:42;40;-;Trovan Unique;0007B04C31;-;00000000;00000000;-;""
5401;26-11-2018;14:25:18;40;-;Trovan Unique;0007ABB698;-;00000000;00000000;-;""
5402;26-11-2018;14:25:19;40;-;Trovan Unique;0007ABB698;-;00000000;00000000;-;""
5403;26-11-2018;14:25:20;40;-;Trovan Unique;0007ABB698;-;00000000;00000000;-;""
5404;26-11-2018;14:25:21;40;-;Trovan Unique;0007ABB698;-;00000000;00000000;-;""
5405;26-11-2018;14:25:25;40;-;Trovan Unique;0007ABB698;-;00000000;00000000;-;""
5406;26-11-2018;14:25:25;40;-;Trovan Unique;0007ABB698;-;00000000;00000000;-;""
5407;26-11-2018;14:25:26;40;-;Trovan Unique;0007ABB698;-;00000000;00000000;-;""
5408;26-11-2018;14:25:27;40;-;Trovan Unique;0007ABB698;-;00000000;00000000;-;""
5409;26-11-2018;14:25:27;40;-;Trovan Unique;0007ABB698;-;00000000;00000000;-;""
5410;26-11-2018;14:25:30;30;-;Trovan Unique;0007ABB698;-;00000000;00000000;-;""
5411;26-11-2018;14:25:44;10;-;Trovan Unique;0007AB9DDE;-;00000000;00000000;-;""
5412;26-11-2018;14:25:47;10;-;Trovan Unique;0007AB9DDE;-;00000000;00000000;-;""
5413;26-11-2018;14:25:53;30;-;Trovan Unique;0007ABB698;-;00000000;00000000;-;""
5414;26-11-2018;14:25:53;30;-;Trovan Unique;0007ABB698;-;00000000;00000000;-;""
5415;26-11-2018;14:25:58;30;-;Trovan Unique;0007ABB698;-;00000000;00000000;-;""
5416;26-11-2018;14:25:58;30;-;Trovan Unique;0007ABB698;-;00000000;00000000;-;""
5417;26-11-2018;14:26:01;40;-;Trovan Unique;0007ABB698;-;00000000;00000000;-;""
5418;26-11-2018;14:28:35;40;-;Trovan Unique;0007AB9DDE;-;00000000;00000000;-;""
5419;26-11-2018;14:29:04;10;-;Trovan Unique;0007AC6326;-;00000000;00000000;-;""
5420;26-11-2018;14:29:04;10;-;Trovan Unique;0007AC6326;-;00000000;00000000;-;""
5421;26-11-2018;14:29:05;10;-;Trovan Unique;0007AC6326;-;00000000;00000000;-;""
5422;26-11-2018;14:29:08;10;-;Trovan Unique;0007AC6326;-;00000000;00000000;-;""
5423;26-11-2018;14:29:08;10;-;Trovan Unique;0007AC6326;-;00000000;00000000;-;""
5424;26-11-2018;14:29:08;10;-;Trovan Unique;0007AC6326;-;00000000;00000000;-;""
5425;26-11-2018;14:29:09;10;-;Trovan Unique;0007AC6326;-;00000000;00000000;-;""
5426;26-11-2018;14:32:48;10;-;Trovan Unique;000783B3B0;-;00000000;00000000;-;""
5427;26-11-2018;14:32:48;10;-;Trovan Unique;000783B3B0;-;00000000;00000000;-;""
5428;26-11-2018;14:32:49;20;-;Trovan Unique;000783B3B0;-;00000000;00000000;-;""
5429;26-11-2018;14:33:18;40;-;Trovan Unique;0007AC2039;-;00000000;00000000;-;""
5430;26-11-2018;14:33:19;40;-;Trovan Unique;0007AC2039;-;00000000;00000000;-;""
5431;26-11-2018;14:33:25;40;-;Trovan Unique;0007AC2039;-;00000000;00000000;-;""
5432;26-11-2018;14:33:26;30;-;Trovan Unique;0007AC2039;-;00000000;00000000;-;""
5433;26-11-2018;14:33:32;30;-;Trovan Unique;0007AC2039;-;00000000;00000000;-;""
5434;26-11-2018;14:33:32;30;-;Trovan Unique;0007AC2039;-;00000000;00000000;-;""
5435;26-11-2018;14:33:34;40;-;Trovan Unique;0007AC2039;-;00000000;00000000;-;""
5436;26-11-2018;14:34:07;20;-;Trovan Unique;000783B3B0;-;00000000;00000000;-;""
5437;26-11-2018;14:34:08;20;-;Trovan Unique;000783B3B0;-;00000000;00000000;-;""
5438;26-11-2018;14:34:08;20;-;Trovan Unique;000783B3B0;-;00000000;00000000;-;""
5439;26-11-2018;14:34:09;10;-;Trovan Unique;000783B3B0;-;00000000;00000000;-;""
5440;26-11-2018;14:34:09;10;-;Trovan Unique;000783B3B0;-;00000000;00000000;-;""
5441;26-11-2018;14:35:50;40;-;Trovan Unique;0007AC2039;-;00000000;00000000;-;""
5442;26-11-2018;14:35:51;40;-;Trovan Unique;0007AC2039;-;00000000;00000000;-;""
5443;26-11-2018;14:35:52;40;-;Trovan Unique;0007AC2039;-;00000000;00000000;-;""
5444;26-11-2018;14:35:53;40;-;Trovan Unique;0007AC2039;-;00000000;00000000;-;""
5445;26-11-2018;14:35:53;30;-;Trovan Unique;0007AC2039;-;00000000;00000000;-;""
5446;26-11-2018;14:36:03;20;-;Trovan Unique;0007AC2039;-;00000000;00000000;-;""
5447;26-11-2018;14:36:05;20;-;Trovan Unique;0007AC2039;-;00000000;00000000;-;""
5448;26-11-2018;14:36:08;20;-;Trovan Unique;0007AC2039;-;00000000;00000000;-;""
5449;26-11-2018;14:36:08;20;-;Trovan Unique;0007AC2039;-;00000000;00000000;-;""
5450;26-11-2018;14:36:09;20;-;Trovan Unique;0007AC2039;-;00000000;00000000;-;""
5451;26-11-2018;14:36:09;20;-;Trovan Unique;0007AC2039;-;00000000;00000000;-;""
5452;26-11-2018;14:36:11;20;-;Trovan Unique;0007AC2039;-;00000000;00000000;-;""
5453;26-11-2018;14:36:12;40;-;Trovan Unique;0007ACC57C;-;00000000;00000000;-;""
5454;26-11-2018;14:36:13;30;-;Trovan Unique;0007AC2039;-;00000000;00000000;-;""
5455;26-11-2018;14:36:15;40;-;Trovan Unique;0007AC2039;-;00000000;00000000;-;""
5456;26-11-2018;15:01:12;10;-;Trovan Unique;0007B0F2C5;-;00000000;00000000;-;""
5457;26-11-2018;15:01:13;10;-;Trovan Unique;0007B0F2C5;-;00000000;00000000;-;""
5458;26-11-2018;15:02:22;40;-;Trovan Unique;0007B0F2C5;-;00000000;00000000;-;""
5459;26-11-2018;15:02:23;40;-;Trovan Unique;0007B0F2C5;-;00000000;00000000;-;""
5460;26-11-2018;15:02:24;40;-;Trovan Unique;0007B0F2C5;-;00000000;00000000;-;""
5461;26-11-2018;15:02:26;40;-;Trovan Unique;0007B0F2C5;-;00000000;00000000;-;""
5462;26-11-2018;15:02:37;40;-;Trovan Unique;0007B0F2C5;-;00000000;00000000;-;""
5463;26-11-2018;15:02:38;40;-;Trovan Unique;0007B0F2C5;-;00000000;00000000;-;""
5464;26-11-2018;15:02:39;40;-;Trovan Unique;0007B0F2C5;-;00000000;00000000;-;""
5465;26-11-2018;15:02:40;40;-;Trovan Unique;0007B0F2C5;-;00000000;00000000;-;""
5466;26-11-2018;15:03:16;10;-;Trovan Unique;0007B0F2C5;-;00000000;00000000;-;""
5467;26-11-2018;15:03:17;10;-;Trovan Unique;0007B0F2C5;-;00000000;00000000;-;""
5468;26-11-2018;15:03:17;10;-;Trovan Unique;0007B0F2C5;-;00000000;00000000;-;""
5469;26-11-2018;15:03:18;10;-;Trovan Unique;0007B0F2C5;-;00000000;00000000;-;""
5470;26-11-2018;15:09:51;10;-;Trovan Unique;0007B0F2C5;-;00000000;00000000;-;""
5471;26-11-2018;15:09:51;10;-;Trovan Unique;0007B0F2C5;-;00000000;00000000;-;""
5472;26-11-2018;15:09:51;10;-;Trovan Unique;0007B0F2C5;-;00000000;00000000;-;""
5473;26-11-2018;15:09:52;10;-;Trovan Unique;0007B0F2C5;-;00000000;00000000;-;""
5474;26-11-2018;15:10:55;40;-;Trovan Unique;0007B0F2C5;-;00000000;00000000;-;""
5475;26-11-2018;15:11:11;10;-;Trovan Unique;000783B3B0;-;00000000;00000000;-;""
5476;26-11-2018;15:11:11;10;-;Trovan Unique;000783B3B0;-;00000000;00000000;-;""
5477;26-11-2018;15:11:11;10;-;Trovan Unique;000783B3B0;-;00000000;00000000;-;""
5478;26-11-2018;15:11:12;10;-;Trovan Unique;000783B3B0;-;00000000;00000000;-;""
5479;26-11-2018;15:11:12;20;-;Trovan Unique;000783B3B0;-;00000000;00000000;-;""
5480;26-11-2018;15:11:56;10;-;Trovan Unique;0007B0F2C5;-;00000000;00000000;-;""
5481;26-11-2018;15:11:56;10;-;Trovan Unique;0007B0F2C5;-;00000000;00000000;-;""
5482;26-11-2018;15:11:56;10;-;Trovan Unique;0007B0F2C5;-;00000000;00000000;-;""
5483;26-11-2018;15:11:57;20;-;Trovan Unique;0007B0F2C5;-;00000000;00000000;-;""
5484;26-11-2018;15:12:12;20;-;Trovan Unique;000783B3B0;-;00000000;00000000;-;""
5485;26-11-2018;15:12:12;20;-;Trovan Unique;000783B3B0;-;00000000;00000000;-;""
5486;26-11-2018;15:12:13;20;-;Trovan Unique;000783B3B0;-;00000000;00000000;-;""
5487;26-11-2018;15:12:14;20;-;Trovan Unique;000783B3B0;-;00000000;00000000;-;""
5488;26-11-2018;15:12:15;20;-;Trovan Unique;000783B3B0;-;00000000;00000000;-;""
5489;26-11-2018;15:12:16;20;-;Trovan Unique;000783B3B0;-;00000000;00000000;-;""
5490;26-11-2018;15:12:16;20;-;Trovan Unique;000783B3B0;-;00000000;00000000;-;""
5491;26-11-2018;15:12:17;10;-;Trovan Unique;000783B3B0;-;00000000;00000000;-;""
5492;26-11-2018;15:13:54;40;-;Trovan Unique;0007AC2039;-;00000000;00000000;-;""
5493;26-11-2018;15:13:55;40;-;Trovan Unique;0007AC2039;-;00000000;00000000;-;""
5494;26-11-2018;15:13:56;40;-;Trovan Unique;0007AC2039;-;00000000;00000000;-;""
5495;26-11-2018;15:13:57;30;-;Trovan Unique;0007AC2039;-;00000000;00000000;-;""
5496;26-11-2018;15:14:06;30;-;Trovan Unique;0007AC2039;-;00000000;00000000;-;""
5497;26-11-2018;15:14:07;30;-;Trovan Unique;0007AC2039;-;00000000;00000000;-;""
5498;26-11-2018;15:14:08;20;-;Trovan Unique;0007AC2039;-;00000000;00000000;-;""
5499;26-11-2018;15:14:09;20;-;Trovan Unique;0007AC2039;-;00000000;00000000;-;""
5500;26-11-2018;15:14:09;10;-;Trovan Unique;0007AC2039;-;00000000;00000000;-;""
5501;26-11-2018;15:14:18;20;-;Trovan Unique;0007B0F2C5;-;00000000;00000000;-;""
5502;26-11-2018;15:14:19;20;-;Trovan Unique;0007B0F2C5;-;00000000;00000000;-;""
5503;26-11-2018;15:14:23;20;-;Trovan Unique;0007B0F2C5;-;00000000;00000000;-;""
5504;26-11-2018;15:14:24;20;-;Trovan Unique;0007B0F2C5;-;00000000;00000000;-;""
5505;26-11-2018;15:14:24;20;-;Trovan Unique;0007B0F2C5;-;00000000;00000000;-;""
5506;26-11-2018;15:14:26;10;-;Trovan Unique;0007B0F2C5;-;00000000;00000000;-;""
5507;26-11-2018;15:14:26;10;-;Trovan Unique;0007B0F2C5;-;00000000;00000000;-;""
5508;26-11-2018;15:19:19;10;-;Trovan Unique;0007AC4333;-;00000000;00000000;-;""
5509;26-11-2018;15:28:17;40;-;Trovan Unique;0007AFE407;-;00000000;00000000;-;""
5510;26-11-2018;15:38:30;40;-;Trovan Unique;0007ABB698;-;00000000;00000000;-;""
5511;26-11-2018;15:38:30;40;-;Trovan Unique;0007ABB698;-;00000000;00000000;-;""
5512;26-11-2018;15:38:31;40;-;Trovan Unique;0007ABB698;-;00000000;00000000;-;""
5513;26-11-2018;15:38:32;40;-;Trovan Unique;0007ABB698;-;00000000;00000000;-;""
5514;26-11-2018;15:38:32;40;-;Trovan Unique;0007ABB698;-;00000000;00000000;-;""
5515;26-11-2018;15:38:35;40;-;Trovan Unique;0007ABB698;-;00000000;00000000;-;""
5516;26-11-2018;15:38:36;40;-;Trovan Unique;0007ABB698;-;00000000;00000000;-;""
5517;26-11-2018;15:38:36;40;-;Trovan Unique;0007ABB698;-;00000000;00000000;-;""
5518;26-11-2018;15:38:37;40;-;Trovan Unique;0007ABB698;-;00000000;00000000;-;""
5519;26-11-2018;15:38:38;40;-;Trovan Unique;0007ABB698;-;00000000;00000000;-;""
5520;26-11-2018;15:38:38;40;-;Trovan Unique;0007ABB698;-;00000000;00000000;-;""
5521;26-11-2018;15:38:39;40;-;Trovan Unique;0007ABB698;-;00000000;00000000;-;""
5522;26-11-2018;15:38:40;40;-;Trovan Unique;0007ABB698;-;00000000;00000000;-;""
5523;26-11-2018;15:38:41;40;-;Trovan Unique;0007ABB698;-;00000000;00000000;-;""
5524;26-11-2018;15:38:41;40;-;Trovan Unique;0007ABB698;-;00000000;00000000;-;""
5525;26-11-2018;15:38:55;40;-;Trovan Unique;0007ABB698;-;00000000;00000000;-;""
5526;26-11-2018;15:38:55;40;-;Trovan Unique;0007ABB698;-;00000000;00000000;-;""
5527;26-11-2018;15:38:59;40;-;Trovan Unique;0007ABB698;-;00000000;00000000;-;""
5528;26-11-2018;15:39:00;40;-;Trovan Unique;0007ABB698;-;00000000;00000000;-;""
5529;26-11-2018;15:43:36;10;-;Trovan Unique;0007ABB698;-;00000000;00000000;-;""
5530;26-11-2018;15:43:36;10;-;Trovan Unique;0007ABB698;-;00000000;00000000;-;""
5531;26-11-2018;15:43:36;10;-;Trovan Unique;0007ABB698;-;00000000;00000000;-;""
5532;26-11-2018;15:43:39;10;-;Trovan Unique;0007ABB698;-;00000000;00000000;-;""
5533;26-11-2018;15:43:40;10;-;Trovan Unique;0007ABB698;-;00000000;00000000;-;""
5534;26-11-2018;15:43:41;10;-;Trovan Unique;0007ABB698;-;00000000;00000000;-;""
5535;26-11-2018;15:43:41;10;-;Trovan Unique;0007ABB698;-;00000000;00000000;-;""
5536;26-11-2018;15:44:08;40;-;Trovan Unique;0007ABB698;-;00000000;00000000;-;""
5537;26-11-2018;15:44:09;40;-;Trovan Unique;0007ABB698;-;00000000;00000000;-;""
5538;26-11-2018;15:44:10;40;-;Trovan Unique;0007ABB698;-;00000000;00000000;-;""
5539;26-11-2018;15:44:10;40;-;Trovan Unique;0007ABB698;-;00000000;00000000;-;""
5540;26-11-2018;15:44:11;40;-;Trovan Unique;0007ABB698;-;00000000;00000000;-;""
5541;26-11-2018;15:44:12;40;-;Trovan Unique;0007ABB698;-;00000000;00000000;-;""
5542;26-11-2018;15:44:13;40;-;Trovan Unique;0007ABB698;-;00000000;00000000;-;""
5543;26-11-2018;15:44:13;40;-;Trovan Unique;0007ABB698;-;00000000;00000000;-;""
5544;26-11-2018;15:44:14;40;-;Trovan Unique;0007ABB698;-;00000000;00000000;-;""
5545;26-11-2018;15:44:15;40;-;Trovan Unique;0007ABB698;-;00000000;00000000;-;""
5546;26-11-2018;15:44:18;40;-;Trovan Unique;0007ABB698;-;00000000;00000000;-;""
5547;26-11-2018;15:44:19;40;-;Trovan Unique;0007ABB698;-;00000000;00000000;-;""
5548;26-11-2018;15:44:19;40;-;Trovan Unique;0007ABB698;-;00000000;00000000;-;""
5549;26-11-2018;15:44:25;40;-;Trovan Unique;0007ABB698;-;00000000;00000000;-;""
5550;26-11-2018;15:44:26;40;-;Trovan Unique;0007ABB698;-;00000000;00000000;-;""
5551;26-11-2018;15:44:27;40;-;Trovan Unique;0007ABB698;-;00000000;00000000;-;""
5552;26-11-2018;15:44:28;40;-;Trovan Unique;0007ABB698;-;00000000;00000000;-;""
5553;26-11-2018;15:44:28;40;-;Trovan Unique;0007ABB698;-;00000000;00000000;-;""
5554;26-11-2018;15:44:29;40;-;Trovan Unique;0007ABB698;-;00000000;00000000;-;""
5555;26-11-2018;15:44:30;40;-;Trovan Unique;0007ABB698;-;00000000;00000000;-;""
5556;26-11-2018;15:44:31;30;-;Trovan Unique;0007ABB698;-;00000000;00000000;-;""
5557;26-11-2018;15:44:39;10;-;Trovan Unique;000783B3B0;-;00000000;00000000;-;""
5558;26-11-2018;15:44:42;10;-;Trovan Unique;000783B3B0;-;00000000;00000000;-;""
5559;26-11-2018;15:44:42;10;-;Trovan Unique;000783B3B0;-;00000000;00000000;-;""
5560;26-11-2018;15:44:43;20;-;Trovan Unique;000783B3B0;-;00000000;00000000;-;""
5561;26-11-2018;15:44:43;30;-;Trovan Unique;0007ABB698;-;00000000;00000000;-;""
5562;26-11-2018;15:44:43;30;-;Trovan Unique;0007ABB698;-;00000000;00000000;-;""
5563;26-11-2018;15:44:44;30;-;Trovan Unique;0007ABB698;-;00000000;00000000;-;""
5564;26-11-2018;15:44:44;40;-;Trovan Unique;0007ACC57C;-;00000000;00000000;-;""
5565;26-11-2018;15:44:46;40;-;Trovan Unique;0007ABB698;-;00000000;00000000;-;""
5566;26-11-2018;15:45:00;20;-;Trovan Unique;000783B3B0;-;00000000;00000000;-;""
5567;26-11-2018;15:45:01;20;-;Trovan Unique;000783B3B0;-;00000000;00000000;-;""
5568;26-11-2018;15:45:01;20;-;Trovan Unique;000783B3B0;-;00000000;00000000;-;""
5569;26-11-2018;15:45:02;20;-;Trovan Unique;000783B3B0;-;00000000;00000000;-;""
5570;26-11-2018;15:45:02;20;-;Trovan Unique;000783B3B0;-;00000000;00000000;-;""
5571;26-11-2018;15:45:03;20;-;Trovan Unique;000783B3B0;-;00000000;00000000;-;""
5572;26-11-2018;15:45:26;20;-;Trovan Unique;000783B3B0;-;00000000;00000000;-;""
5573;26-11-2018;15:45:26;20;-;Trovan Unique;000783B3B0;-;00000000;00000000;-;""
5574;26-11-2018;15:45:27;20;-;Trovan Unique;000783B3B0;-;00000000;00000000;-;""
5575;26-11-2018;15:45:27;10;-;Trovan Unique;0007AB9DDE;-;00000000;00000000;-;""
5576;26-11-2018;15:45:27;20;-;Trovan Unique;000783B3B0;-;00000000;00000000;-;""
5577;26-11-2018;15:45:27;20;-;Trovan Unique;000783B3B0;-;00000000;00000000;-;""
5578;26-11-2018;15:45:28;20;-;Trovan Unique;000783B3B0;-;00000000;00000000;-;""
5579;26-11-2018;15:45:28;20;-;Trovan Unique;000783B3B0;-;00000000;00000000;-;""
5580;26-11-2018;15:45:30;10;-;Trovan Unique;000783B3B0;-;00000000;00000000;-;""
5581;26-11-2018;15:45:36;40;-;Trovan Unique;0007AC2039;-;00000000;00000000;-;""
5582;26-11-2018;15:45:37;30;-;Trovan Unique;0007AC2039;-;00000000;00000000;-;""
5583;26-11-2018;15:45:40;40;-;Trovan Unique;0007B04C31;-;00000000;00000000;-;""
5584;26-11-2018;15:45:52;20;-;Trovan Unique;0007AC2039;-;00000000;00000000;-;""
5585;26-11-2018;15:45:53;20;-;Trovan Unique;0007AC2039;-;00000000;00000000;-;""
5586;26-11-2018;15:45:53;10;-;Trovan Unique;0007AC2039;-;00000000;00000000;-;""
5587;26-11-2018;15:46:36;40;-;Trovan Unique;0007AC4333;-;00000000;00000000;-;""
5588;26-11-2018;15:46:51;10;-;Trovan Unique;0007AB9DDE;-;00000000;00000000;-;""
5589;26-11-2018;15:46:51;10;-;Trovan Unique;0007AB9DDE;-;00000000;00000000;-;""
5590;26-11-2018;15:46:52;10;-;Trovan Unique;0007AB9DDE;-;00000000;00000000;-;""
5591;26-11-2018;15:47:00;10;-;Trovan Unique;0007AC4333;-;00000000;00000000;-;""
5592;26-11-2018;15:47:00;10;-;Trovan Unique;0007AC4333;-;00000000;00000000;-;""
5593;26-11-2018;15:47:55;10;-;Trovan Unique;0007AB9DDE;-;00000000;00000000;-;""
5594;26-11-2018;15:47:55;10;-;Trovan Unique;0007AB9DDE;-;00000000;00000000;-;""
5595;26-11-2018;15:47:56;10;-;Trovan Unique;0007AB9DDE;-;00000000;00000000;-;""
5596;26-11-2018;15:52:06;10;-;Trovan Unique;0007B0F2C5;-;00000000;00000000;-;""
5597;26-11-2018;15:52:24;10;-;Trovan Unique;0007B0F2C5;-;00000000;00000000;-;""
5598;26-11-2018;15:53:14;10;-;Trovan Unique;0007AC6326;-;00000000;00000000;-;""
5599;26-11-2018;15:53:15;10;-;Trovan Unique;0007AC6326;-;00000000;00000000;-;""
5600;26-11-2018;15:53:15;10;-;Trovan Unique;0007AC6326;-;00000000;00000000;-;""
5601;26-11-2018;15:53:15;10;-;Trovan Unique;0007AC6326;-;00000000;00000000;-;""
5602;26-11-2018;15:53:16;10;-;Trovan Unique;0007AC6326;-;00000000;00000000;-;""
5603;26-11-2018;15:53:16;10;-;Trovan Unique;0007AC6326;-;00000000;00000000;-;""
5604;26-11-2018;15:53:16;10;-;Trovan Unique;0007AC6326;-;00000000;00000000;-;""
5605;26-11-2018;15:53:16;10;-;Trovan Unique;0007AC6326;-;00000000;00000000;-;""
5606;26-11-2018;15:53:17;10;-;Trovan Unique;0007AC6326;-;00000000;00000000;-;""
5607;26-11-2018;15:56:32;10;-;Trovan Unique;0007B0F2C5;-;00000000;00000000;-;""
5608;26-11-2018;15:56:33;10;-;Trovan Unique;0007B0F2C5;-;00000000;00000000;-;""
5609;26-11-2018;15:56:33;10;-;Trovan Unique;0007B0F2C5;-;00000000;00000000;-;""
5610;26-11-2018;15:56:34;10;-;Trovan Unique;0007B0F2C5;-;00000000;00000000;-;""
5611;26-11-2018;15:58:20;10;-;Trovan Unique;0007B0F2C5;-;00000000;00000000;-;""
5612;26-11-2018;15:58:20;10;-;Trovan Unique;0007B0F2C5;-;00000000;00000000;-;""
5613;26-11-2018;15:58:21;10;-;Trovan Unique;0007B0F2C5;-;00000000;00000000;-;""
5614;26-11-2018;15:58:55;40;-;Trovan Unique;0007B0F2C5;-;00000000;00000000;-;""
5615;26-11-2018;15:58:56;40;-;Trovan Unique;0007B0F2C5;-;00000000;00000000;-;""
5616;26-11-2018;15:58:56;40;-;Trovan Unique;0007B0F2C5;-;00000000;00000000;-;""
5617;26-11-2018;15:59:01;40;-;Trovan Unique;0007B0F2C5;-;00000000;00000000;-;""
5618;26-11-2018;15:59:03;40;-;Trovan Unique;0007B0F2C5;-;00000000;00000000;-;""
5619;26-11-2018;15:59:05;40;-;Trovan Unique;0007B0F2C5;-;00000000;00000000;-;""
5620;26-11-2018;15:59:06;40;-;Trovan Unique;0007B0F2C5;-;00000000;00000000;-;""
5621;26-11-2018;15:59:24;40;-;Trovan Unique;0007B0F2C5;-;00000000;00000000;-;""
5622;26-11-2018;15:59:59;10;-;Trovan Unique;0007B0F2C5;-;00000000;00000000;-;""
5623;26-11-2018;16:00:00;10;-;Trovan Unique;0007B0F2C5;-;00000000;00000000;-;""
5624;26-11-2018;16:00:00;10;-;Trovan Unique;0007B0F2C5;-;00000000;00000000;-;""
5625;26-11-2018;16:00:00;10;-;Trovan Unique;0007B0F2C5;-;00000000;00000000;-;""
5626;26-11-2018;16:00:00;10;-;Trovan Unique;0007B0F2C5;-;00000000;00000000;-;""
5627;26-11-2018;16:00:01;10;-;Trovan Unique;0007B0F2C5;-;00000000;00000000;-;""
5628;26-11-2018;16:00:01;10;-;Trovan Unique;0007B0F2C5;-;00000000;00000000;-;""
5629;26-11-2018;16:00:01;10;-;Trovan Unique;0007B0F2C5;-;00000000;00000000;-;""
5630;26-11-2018;16:00:02;10;-;Trovan Unique;0007B0F2C5;-;00000000;00000000;-;""
5631;26-11-2018;16:00:02;10;-;Trovan Unique;0007B0F2C5;-;00000000;00000000;-;""
5632;26-11-2018;16:00:02;10;-;Trovan Unique;0007B0F2C5;-;00000000;00000000;-;""
5633;26-11-2018;16:00:03;10;-;Trovan Unique;0007B0F2C5;-;00000000;00000000;-;""
5634;26-11-2018;16:00:03;10;-;Trovan Unique;0007B0F2C5;-;00000000;00000000;-;""
5635;26-11-2018;16:00:03;10;-;Trovan Unique;0007B0F2C5;-;00000000;00000000;-;""
5636;26-11-2018;16:00:04;10;-;Trovan Unique;0007B0F2C5;-;00000000;00000000;-;""
5637;26-11-2018;16:00:04;10;-;Trovan Unique;0007B0F2C5;-;00000000;00000000;-;""
5638;26-11-2018;16:00:04;10;-;Trovan Unique;0007B0F2C5;-;00000000;00000000;-;""
5639;26-11-2018;16:00:19;10;-;Trovan Unique;000783B3B0;-;00000000;00000000;-;""
5640;26-11-2018;16:00:20;10;-;Trovan Unique;000783B3B0;-;00000000;00000000;-;""
5641;26-11-2018;16:00:20;10;-;Trovan Unique;000783B3B0;-;00000000;00000000;-;""
5642;26-11-2018;16:00:21;20;-;Trovan Unique;000783B3B0;-;00000000;00000000;-;""
5643;26-11-2018;16:00:39;40;-;Trovan Unique;0007B0F2C5;-;00000000;00000000;-;""
5644;26-11-2018;16:00:40;40;-;Trovan Unique;0007B0F2C5;-;00000000;00000000;-;""
5645;26-11-2018;16:00:40;40;-;Trovan Unique;0007B0F2C5;-;00000000;00000000;-;""
5646;26-11-2018;16:00:41;40;-;Trovan Unique;0007B0F2C5;-;00000000;00000000;-;""
5647;26-11-2018;16:00:42;30;-;Trovan Unique;0007B0F2C5;-;00000000;00000000;-;""
5648;26-11-2018;16:01:17;20;-;Trovan Unique;000783B3B0;-;00000000;00000000;-;""
5649;26-11-2018;16:01:18;20;-;Trovan Unique;000783B3B0;-;00000000;00000000;-;""
5650;26-11-2018;16:01:18;20;-;Trovan Unique;000783B3B0;-;00000000;00000000;-;""
5651;26-11-2018;16:01:19;20;-;Trovan Unique;000783B3B0;-;00000000;00000000;-;""
5652;26-11-2018;16:01:20;10;-;Trovan Unique;000783B3B0;-;00000000;00000000;-;""
5653;26-11-2018;16:01:42;40;-;Trovan Unique;0007AB9DDE;-;00000000;00000000;-;""
5654;26-11-2018;16:02:34;30;-;Trovan Unique;0007B0F2C5;-;00000000;00000000;-;""
5655;26-11-2018;16:02:34;30;-;Trovan Unique;0007B0F2C5;-;00000000;00000000;-;""
5656;26-11-2018;16:02:35;30;-;Trovan Unique;0007B0F2C5;-;00000000;00000000;-;""
5657;26-11-2018;16:02:35;30;-;Trovan Unique;0007B0F2C5;-;00000000;00000000;-;""
5658;26-11-2018;16:02:36;30;-;Trovan Unique;0007B0F2C5;-;00000000;00000000;-;""
5659;26-11-2018;16:02:36;30;-;Trovan Unique;0007B0F2C5;-;00000000;00000000;-;""
5660;26-11-2018;16:02:37;30;-;Trovan Unique;0007B0F2C5;-;00000000;00000000;-;""
5661;26-11-2018;16:02:38;30;-;Trovan Unique;0007B0F2C5;-;00000000;00000000;-;""
5662;26-11-2018;16:02:38;30;-;Trovan Unique;0007B0F2C5;-;00000000;00000000;-;""
5663;26-11-2018;16:02:39;30;-;Trovan Unique;0007B0F2C5;-;00000000;00000000;-;""
5664;26-11-2018;16:02:39;30;-;Trovan Unique;0007B0F2C5;-;00000000;00000000;-;""
5665;26-11-2018;16:02:46;20;-;Trovan Unique;0007B0F2C5;-;00000000;00000000;-;""
5666;26-11-2018;16:02:47;20;-;Trovan Unique;0007B0F2C5;-;00000000;00000000;-;""
5667;26-11-2018;16:02:47;20;-;Trovan Unique;0007B0F2C5;-;00000000;00000000;-;""
5668;26-11-2018;16:02:47;20;-;Trovan Unique;0007B0F2C5;-;00000000;00000000;-;""
5669;26-11-2018;16:02:52;30;-;Trovan Unique;0007B0F2C5;-;00000000;00000000;-;""
5670;26-11-2018;16:02:52;30;-;Trovan Unique;0007B0F2C5;-;00000000;00000000;-;""
5671;26-11-2018;16:02:53;30;-;Trovan Unique;0007B0F2C5;-;00000000;00000000;-;""
5672;26-11-2018;16:02:54;30;-;Trovan Unique;0007B0F2C5;-;00000000;00000000;-;""
5673;26-11-2018;16:02:54;30;-;Trovan Unique;0007B0F2C5;-;00000000;00000000;-;""
5674;26-11-2018;16:02:55;30;-;Trovan Unique;0007B0F2C5;-;00000000;00000000;-;""
5675;26-11-2018;16:02:55;30;-;Trovan Unique;0007B0F2C5;-;00000000;00000000;-;""
5676;26-11-2018;16:02:56;30;-;Trovan Unique;0007B0F2C5;-;00000000;00000000;-;""
5677;26-11-2018;16:02:57;40;-;Trovan Unique;0007AC4333;-;00000000;00000000;-;""
5678;26-11-2018;16:02:57;40;-;Trovan Unique;0007AC4333;-;00000000;00000000;-;""
5679;26-11-2018;16:02:59;20;-;Trovan Unique;0007B0F2C5;-;00000000;00000000;-;""
5680;26-11-2018;16:03:00;20;-;Trovan Unique;0007B0F2C5;-;00000000;00000000;-;""
5681;26-11-2018;16:03:00;20;-;Trovan Unique;0007B0F2C5;-;00000000;00000000;-;""
5682;26-11-2018;16:03:00;20;-;Trovan Unique;0007B0F2C5;-;00000000;00000000;-;""
5683;26-11-2018;16:03:01;20;-;Trovan Unique;0007B0F2C5;-;00000000;00000000;-;""
5684;26-11-2018;16:03:03;30;-;Trovan Unique;0007B0F2C5;-;00000000;00000000;-;""
5685;26-11-2018;16:03:04;30;-;Trovan Unique;0007B0F2C5;-;00000000;00000000;-;""
5686;26-11-2018;16:03:04;30;-;Trovan Unique;0007B0F2C5;-;00000000;00000000;-;""
5687;26-11-2018;16:03:06;40;-;Trovan Unique;0007B0F2C5;-;00000000;00000000;-;""
5688;26-11-2018;16:04:26;10;-;Trovan Unique;0007AB9DDE;-;00000000;00000000;-;""
5689;26-11-2018;16:05:49;40;-;Trovan Unique;0007ABB698;-;00000000;00000000;-;""
5690;26-11-2018;16:05:58;40;-;Trovan Unique;0007ABB698;-;00000000;00000000;-;""
5691;26-11-2018;16:06:01;40;-;Trovan Unique;0007ABB698;-;00000000;00000000;-;""
5692;26-11-2018;16:06:22;40;-;Trovan Unique;0007ABB698;-;00000000;00000000;-;""
5693;26-11-2018;16:06:23;40;-;Trovan Unique;0007ABB698;-;00000000;00000000;-;""
5694;26-11-2018;16:06:46;40;-;Trovan Unique;0007ABB698;-;00000000;00000000;-;""
5695;26-11-2018;16:06:47;40;-;Trovan Unique;0007ABB698;-;00000000;00000000;-;""
5696;26-11-2018;16:07:03;40;-;Trovan Unique;0007ABB698;-;00000000;00000000;-;""
5697;26-11-2018;16:07:17;40;-;Trovan Unique;0007ABB698;-;00000000;00000000;-;""
5698;26-11-2018;16:07:17;40;-;Trovan Unique;0007ABB698;-;00000000;00000000;-;""
5699;26-11-2018;16:07:18;40;-;Trovan Unique;0007ABB698;-;00000000;00000000;-;""
5700;26-11-2018;16:07:22;40;-;Trovan Unique;0007ABB698;-;00000000;00000000;-;""
5701;26-11-2018;16:07:23;40;-;Trovan Unique;0007ABB698;-;00000000;00000000;-;""
5702;26-11-2018;16:07:23;40;-;Trovan Unique;0007ABB698;-;00000000;00000000;-;""
5703;26-11-2018;16:07:24;40;-;Trovan Unique;0007ABB698;-;00000000;00000000;-;""
5704;26-11-2018;16:07:27;30;-;Trovan Unique;0007ABB698;-;00000000;00000000;-;""
5705;26-11-2018;16:07:28;30;-;Trovan Unique;0007ABB698;-;00000000;00000000;-;""
5706;26-11-2018;16:07:28;40;-;Trovan Unique;0007B01AEF;-;00000000;00000000;-;""
5707;26-11-2018;16:07:29;40;-;Trovan Unique;0007B01AEF;-;00000000;00000000;-;""
5708;26-11-2018;16:07:30;40;-;Trovan Unique;0007B01AEF;-;00000000;00000000;-;""
5709;26-11-2018;16:07:38;30;-;Trovan Unique;0007ABB698;-;00000000;00000000;-;""
5710;26-11-2018;16:07:39;30;-;Trovan Unique;0007ABB698;-;00000000;00000000;-;""
5711;26-11-2018;16:07:39;30;-;Trovan Unique;0007ABB698;-;00000000;00000000;-;""
5712;26-11-2018;16:07:40;30;-;Trovan Unique;0007ABB698;-;00000000;00000000;-;""
5713;26-11-2018;16:07:41;40;-;Trovan Unique;0007ABB698;-;00000000;00000000;-;""
5714;26-11-2018;16:08:16;10;-;Trovan Unique;00079D5186;-;00000000;00000000;-;""
5715;26-11-2018;16:08:47;40;-;Trovan Unique;0007AB9DDE;-;00000000;00000000;-;""
5716;26-11-2018;16:11:40;40;-;Trovan Unique;0007B01AEF;-;00000000;00000000;-;""
5717;26-11-2018;16:11:40;40;-;Trovan Unique;0007B01AEF;-;00000000;00000000;-;""
5718;26-11-2018;16:14:23;10;-;Trovan Unique;0007AC4333;-;00000000;00000000;-;""
5719;26-11-2018;16:14:23;10;-;Trovan Unique;0007AC4333;-;00000000;00000000;-;""
5720;26-11-2018;16:14:23;10;-;Trovan Unique;0007AC4333;-;00000000;00000000;-;""
5721;26-11-2018;16:14:24;10;-;Trovan Unique;0007AC4333;-;00000000;00000000;-;""
5722;26-11-2018;16:14:38;40;-;Trovan Unique;0007AC2039;-;00000000;00000000;-;""
5723;26-11-2018;16:14:39;30;-;Trovan Unique;0007AC2039;-;00000000;00000000;-;""
5724;26-11-2018;16:14:47;40;-;Trovan Unique;0007B04C31;-;00000000;00000000;-;""
5725;26-11-2018;16:14:48;40;-;Trovan Unique;0007B04C31;-;00000000;00000000;-;""
5726;26-11-2018;16:14:48;40;-;Trovan Unique;0007B04C31;-;00000000;00000000;-;""
5727;26-11-2018;16:14:49;40;-;Trovan Unique;0007B04C31;-;00000000;00000000;-;""
5728;26-11-2018;16:14:50;40;-;Trovan Unique;0007B04C31;-;00000000;00000000;-;""
5729;26-11-2018;16:14:52;20;-;Trovan Unique;0007AC2039;-;00000000;00000000;-;""
5730;26-11-2018;16:14:53;20;-;Trovan Unique;0007AC2039;-;00000000;00000000;-;""
5731;26-11-2018;16:14:55;30;-;Trovan Unique;0007AC2039;-;00000000;00000000;-;""
5732;26-11-2018;16:14:55;30;-;Trovan Unique;0007AC2039;-;00000000;00000000;-;""
5733;26-11-2018;16:14:56;30;-;Trovan Unique;0007AC2039;-;00000000;00000000;-;""
5734;26-11-2018;16:14:57;40;-;Trovan Unique;0007AC2039;-;00000000;00000000;-;""
5735;26-11-2018;16:15:11;40;-;Trovan Unique;0007B04C31;-;00000000;00000000;-;""
5736;26-11-2018;16:15:13;40;-;Trovan Unique;0007B04C31;-;00000000;00000000;-;""
5737;26-11-2018;16:15:28;10;-;Trovan Unique;000783B3B0;-;00000000;00000000;-;""
5738;26-11-2018;16:15:29;10;-;Trovan Unique;000783B3B0;-;00000000;00000000;-;""
5739;26-11-2018;16:15:29;10;-;Trovan Unique;000783B3B0;-;00000000;00000000;-;""
5740;26-11-2018;16:15:30;10;-;Trovan Unique;000783B3B0;-;00000000;00000000;-;""
5741;26-11-2018;16:15:31;40;-;Trovan Unique;0007B04C31;-;00000000;00000000;-;""
5742;26-11-2018;16:15:45;10;-;Trovan Unique;000783B3B0;-;00000000;00000000;-;""
5743;26-11-2018;16:15:46;10;-;Trovan Unique;000783B3B0;-;00000000;00000000;-;""
5744;26-11-2018;16:15:46;10;-;Trovan Unique;000783B3B0;-;00000000;00000000;-;""
5745;26-11-2018;16:15:46;10;-;Trovan Unique;000783B3B0;-;00000000;00000000;-;""
5746;26-11-2018;16:15:47;20;-;Trovan Unique;000783B3B0;-;00000000;00000000;-;""
5747;26-11-2018;16:16:28;20;-;Trovan Unique;000783B3B0;-;00000000;00000000;-;""
5748;26-11-2018;16:16:28;20;-;Trovan Unique;000783B3B0;-;00000000;00000000;-;""
5749;26-11-2018;16:16:29;20;-;Trovan Unique;000783B3B0;-;00000000;00000000;-;""
5750;26-11-2018;16:16:29;20;-;Trovan Unique;000783B3B0;-;00000000;00000000;-;""
5751;26-11-2018;16:16:30;20;-;Trovan Unique;000783B3B0;-;00000000;00000000;-;""
5752;26-11-2018;16:16:31;20;-;Trovan Unique;000783B3B0;-;00000000;00000000;-;""
5753;26-11-2018;16:16:31;20;-;Trovan Unique;000783B3B0;-;00000000;00000000;-;""
5754;26-11-2018;16:16:32;20;-;Trovan Unique;000783B3B0;-;00000000;00000000;-;""
5755;26-11-2018;16:16:32;20;-;Trovan Unique;000783B3B0;-;00000000;00000000;-;""
5756;26-11-2018;16:16:33;20;-;Trovan Unique;000783B3B0;-;00000000;00000000;-;""
5757;26-11-2018;16:16:33;20;-;Trovan Unique;000783B3B0;-;00000000;00000000;-;""
5758;26-11-2018;16:16:37;20;-;Trovan Unique;000783B3B0;-;00000000;00000000;-;""
5759;26-11-2018;16:16:37;20;-;Trovan Unique;000783B3B0;-;00000000;00000000;-;""
5760;26-11-2018;16:16:38;20;-;Trovan Unique;000783B3B0;-;00000000;00000000;-;""
5761;26-11-2018;16:16:38;20;-;Trovan Unique;000783B3B0;-;00000000;00000000;-;""
5762;26-11-2018;16:16:39;10;-;Trovan Unique;000783B3B0;-;00000000;00000000;-;""
5763;26-11-2018;16:16:52;40;-;Trovan Unique;0007ABB698;-;00000000;00000000;-;""
5764;26-11-2018;16:16:53;40;-;Trovan Unique;0007ABB698;-;00000000;00000000;-;""
5765;26-11-2018;16:16:53;40;-;Trovan Unique;0007ABB698;-;00000000;00000000;-;""
5766;26-11-2018;16:16:54;40;-;Trovan Unique;0007ABB698;-;00000000;00000000;-;""
5767;26-11-2018;16:16:55;40;-;Trovan Unique;0007ABB698;-;00000000;00000000;-;""
5768;26-11-2018;16:16:56;30;-;Trovan Unique;0007ABB698;-;00000000;00000000;-;""
5769;26-11-2018;16:16:57;30;-;Trovan Unique;0007ABB698;-;00000000;00000000;-;""
5770;26-11-2018;16:17:03;40;-;Trovan Unique;0007AB9DDE;-;00000000;00000000;-;""
5771;26-11-2018;16:17:43;30;-;Trovan Unique;0007ABB698;-;00000000;00000000;-;""
5772;26-11-2018;16:17:44;30;-;Trovan Unique;0007ABB698;-;00000000;00000000;-;""
5773;26-11-2018;16:17:44;40;-;Trovan Unique;0007ACC57C;-;00000000;00000000;-;""
5774;26-11-2018;16:17:44;30;-;Trovan Unique;0007ABB698;-;00000000;00000000;-;""
5775;26-11-2018;16:17:44;40;-;Trovan Unique;0007ACC57C;-;00000000;00000000;-;""
5776;26-11-2018;16:17:45;30;-;Trovan Unique;0007ABB698;-;00000000;00000000;-;""
5777;26-11-2018;16:17:45;30;-;Trovan Unique;0007ABB698;-;00000000;00000000;-;""
5778;26-11-2018;16:17:46;40;-;Trovan Unique;0007ABB698;-;00000000;00000000;-;""
5779;26-11-2018;16:20:04;40;-;Trovan Unique;0007B04C31;-;00000000;00000000;-;""
5780;26-11-2018;16:24:39;40;-;Trovan Unique;0007AC2039;-;00000000;00000000;-;""
5781;26-11-2018;16:24:40;40;-;Trovan Unique;0007AC2039;-;00000000;00000000;-;""
5782;26-11-2018;16:24:41;30;-;Trovan Unique;0007AC2039;-;00000000;00000000;-;""
5783;26-11-2018;16:24:45;40;-;Trovan Unique;0007B04C31;-;00000000;00000000;-;""
5784;26-11-2018;16:24:46;40;-;Trovan Unique;0007B04C31;-;00000000;00000000;-;""
5785;26-11-2018;16:24:47;40;-;Trovan Unique;0007B04C31;-;00000000;00000000;-;""
5786;26-11-2018;16:24:47;40;-;Trovan Unique;0007B04C31;-;00000000;00000000;-;""
5787;26-11-2018;16:24:48;30;-;Trovan Unique;0007B04C31;-;00000000;00000000;-;""
5788;26-11-2018;16:24:49;30;-;Trovan Unique;0007B04C31;-;00000000;00000000;-;""
5789;26-11-2018;16:25:02;20;-;Trovan Unique;0007AC2039;-;00000000;00000000;-;""
5790;26-11-2018;16:25:03;20;-;Trovan Unique;0007AC2039;-;00000000;00000000;-;""
5791;26-11-2018;16:25:03;20;-;Trovan Unique;0007AC2039;-;00000000;00000000;-;""
5792;26-11-2018;16:25:04;20;-;Trovan Unique;0007AC2039;-;00000000;00000000;-;""
5793;26-11-2018;16:25:08;20;-;Trovan Unique;0007AC2039;-;00000000;00000000;-;""
5794;26-11-2018;16:25:09;10;-;Trovan Unique;0007AC2039;-;00000000;00000000;-;""
5795;26-11-2018;16:26:27;30;-;Trovan Unique;0007B04C31;-;00000000;00000000;-;""
5796;26-11-2018;16:26:27;30;-;Trovan Unique;0007B04C31;-;00000000;00000000;-;""
5797;26-11-2018;16:26:28;30;-;Trovan Unique;0007B04C31;-;00000000;00000000;-;""
5798;26-11-2018;16:26:28;30;-;Trovan Unique;0007B04C31;-;00000000;00000000;-;""
5799;26-11-2018;16:26:29;30;-;Trovan Unique;0007B04C31;-;00000000;00000000;-;""
5800;26-11-2018;16:26:35;30;-;Trovan Unique;0007B04C31;-;00000000;00000000;-;""
5801;26-11-2018;16:26:36;30;-;Trovan Unique;0007B04C31;-;00000000;00000000;-;""
5802;26-11-2018;16:26:36;40;-;Trovan Unique;0007ACC57C;-;00000000;00000000;-;""
5803;26-11-2018;16:26:37;40;-;Trovan Unique;0007ACC57C;-;00000000;00000000;-;""
5804;26-11-2018;16:26:41;20;-;Trovan Unique;0007B04C31;-;00000000;00000000;-;""
5805;26-11-2018;16:26:42;20;-;Trovan Unique;0007B04C31;-;00000000;00000000;-;""
5806;26-11-2018;16:26:43;30;-;Trovan Unique;0007B04C31;-;00000000;00000000;-;""
5807;26-11-2018;16:26:44;30;-;Trovan Unique;0007B04C31;-;00000000;00000000;-;""
5808;26-11-2018;16:26:49;20;-;Trovan Unique;0007B04C31;-;00000000;00000000;-;""
5809;26-11-2018;16:26:50;20;-;Trovan Unique;0007B04C31;-;00000000;00000000;-;""
5810;26-11-2018;16:26:50;20;-;Trovan Unique;0007B04C31;-;00000000;00000000;-;""
5811;26-11-2018;16:26:50;20;-;Trovan Unique;0007B04C31;-;00000000;00000000;-;""
5812;26-11-2018;16:26:51;20;-;Trovan Unique;0007B04C31;-;00000000;00000000;-;""
5813;26-11-2018;16:26:55;20;-;Trovan Unique;0007B04C31;-;00000000;00000000;-;""
5814;26-11-2018;16:26:55;20;-;Trovan Unique;0007B04C31;-;00000000;00000000;-;""
5815;26-11-2018;16:26:56;10;-;Trovan Unique;0007B04C31;-;00000000;00000000;-;""
5816;26-11-2018;16:29:02;10;-;Trovan Unique;000783B3B0;-;00000000;00000000;-;""
5817;26-11-2018;16:29:34;10;-;Trovan Unique;0007AB9DDE;-;00000000;00000000;-;""
5818;26-11-2018;16:29:35;10;-;Trovan Unique;0007AB9DDE;-;00000000;00000000;-;""
5819;26-11-2018;16:31:29;10;-;Trovan Unique;0007B01AEF;-;00000000;00000000;-;""
5820;26-11-2018;16:31:29;10;-;Trovan Unique;0007B01AEF;-;00000000;00000000;-;""
5821;26-11-2018;16:31:29;10;-;Trovan Unique;0007B01AEF;-;00000000;00000000;-;""
5822;26-11-2018;16:31:30;10;-;Trovan Unique;0007B01AEF;-;00000000;00000000;-;""
5823;26-11-2018;16:31:30;10;-;Trovan Unique;0007B01AEF;-;00000000;00000000;-;""
5824;26-11-2018;16:31:30;10;-;Trovan Unique;0007B01AEF;-;00000000;00000000;-;""
5825;26-11-2018;16:31:30;10;-;Trovan Unique;0007B01AEF;-;00000000;00000000;-;""
5826;26-11-2018;16:31:31;10;-;Trovan Unique;0007B01AEF;-;00000000;00000000;-;""
5827;26-11-2018;16:31:31;10;-;Trovan Unique;0007B01AEF;-;00000000;00000000;-;""
5828;26-11-2018;16:31:31;10;-;Trovan Unique;0007B01AEF;-;00000000;00000000;-;""
5829;26-11-2018;16:31:32;10;-;Trovan Unique;0007B01AEF;-;00000000;00000000;-;""
5830;26-11-2018;16:31:32;10;-;Trovan Unique;0007B01AEF;-;00000000;00000000;-;""
5831;26-11-2018;16:31:40;10;-;Trovan Unique;000783B3B0;-;00000000;00000000;-;""
5832;26-11-2018;16:31:41;10;-;Trovan Unique;000783B3B0;-;00000000;00000000;-;""
5833;26-11-2018;16:31:41;20;-;Trovan Unique;000783B3B0;-;00000000;00000000;-;""
5834;26-11-2018;16:31:46;10;-;Trovan Unique;0007B0F2C5;-;00000000;00000000;-;""
5835;26-11-2018;16:31:46;10;-;Trovan Unique;0007B0F2C5;-;00000000;00000000;-;""
5836;26-11-2018;16:31:59;40;-;Trovan Unique;0007B0F2C5;-;00000000;00000000;-;""
5837;26-11-2018;16:31:59;40;-;Trovan Unique;0007B0F2C5;-;00000000;00000000;-;""
5838;26-11-2018;16:32:00;40;-;Trovan Unique;0007B0F2C5;-;00000000;00000000;-;""
5839;26-11-2018;16:32:03;40;-;Trovan Unique;0007B0F2C5;-;00000000;00000000;-;""
5840;26-11-2018;16:32:04;40;-;Trovan Unique;0007B0F2C5;-;00000000;00000000;-;""
5841;26-11-2018;16:32:15;20;-;Trovan Unique;000783B3B0;-;00000000;00000000;-;""
5842;26-11-2018;16:32:16;20;-;Trovan Unique;000783B3B0;-;00000000;00000000;-;""
5843;26-11-2018;16:32:16;20;-;Trovan Unique;000783B3B0;-;00000000;00000000;-;""
5844;26-11-2018;16:32:17;20;-;Trovan Unique;000783B3B0;-;00000000;00000000;-;""
5845;26-11-2018;16:32:18;20;-;Trovan Unique;000783B3B0;-;00000000;00000000;-;""
5846;26-11-2018;16:32:18;20;-;Trovan Unique;000783B3B0;-;00000000;00000000;-;""
5847;26-11-2018;16:32:21;20;-;Trovan Unique;000783B3B0;-;00000000;00000000;-;""
5848;26-11-2018;16:32:21;20;-;Trovan Unique;000783B3B0;-;00000000;00000000;-;""
5849;26-11-2018;16:32:22;20;-;Trovan Unique;000783B3B0;-;00000000;00000000;-;""
5850;26-11-2018;16:32:22;20;-;Trovan Unique;000783B3B0;-;00000000;00000000;-;""
5851;26-11-2018;16:32:23;10;-;Trovan Unique;0007838EE2;-;00000000;00000000;-;""
5852;26-11-2018;16:32:23;20;-;Trovan Unique;000783B3B0;-;00000000;00000000;-;""
5853;26-11-2018;16:32:24;20;-;Trovan Unique;000783B3B0;-;00000000;00000000;-;""
5854;26-11-2018;16:32:25;10;-;Trovan Unique;000783B3B0;-;00000000;00000000;-;""
5855;26-11-2018;16:33:36;40;-;Trovan Unique;0007B0F2C5;-;00000000;00000000;-;""
5856;26-11-2018;16:33:37;40;-;Trovan Unique;0007B0F2C5;-;00000000;00000000;-;""
5857;26-11-2018;16:33:43;40;-;Trovan Unique;0007AB9DDE;-;00000000;00000000;-;""
5858;26-11-2018;16:34:21;40;-;Trovan Unique;0007AB9DDE;-;00000000;00000000;-;""
5859;26-11-2018;16:34:22;40;-;Trovan Unique;0007AB9DDE;-;00000000;00000000;-;""
5860;26-11-2018;16:34:23;40;-;Trovan Unique;0007AB9DDE;-;00000000;00000000;-;""
5861;26-11-2018;16:34:23;40;-;Trovan Unique;0007AB9DDE;-;00000000;00000000;-;""
5862;26-11-2018;16:34:25;40;-;Trovan Unique;0007AB9DDE;-;00000000;00000000;-;""
5863;26-11-2018;16:34:28;40;-;Trovan Unique;0007AB9DDE;-;00000000;00000000;-;""
5864;26-11-2018;16:34:29;40;-;Trovan Unique;0007AB9DDE;-;00000000;00000000;-;""
5865;26-11-2018;16:34:31;40;-;Trovan Unique;0007AB9DDE;-;00000000;00000000;-;""
5866;26-11-2018;16:34:31;40;-;Trovan Unique;0007AB9DDE;-;00000000;00000000;-;""
5867;26-11-2018;16:34:32;40;-;Trovan Unique;0007AB9DDE;-;00000000;00000000;-;""
5868;26-11-2018;16:34:44;10;-;Trovan Unique;0007B01AEF;-;00000000;00000000;-;""
5869;26-11-2018;16:34:44;10;-;Trovan Unique;0007B01AEF;-;00000000;00000000;-;""
5870;26-11-2018;16:34:44;10;-;Trovan Unique;0007B01AEF;-;00000000;00000000;-;""
5871;26-11-2018;16:34:44;10;-;Trovan Unique;0007B01AEF;-;00000000;00000000;-;""
5872;26-11-2018;16:34:46;20;-;Trovan Unique;0007B01AEF;-;00000000;00000000;-;""
5873;26-11-2018;16:35:10;20;-;Trovan Unique;0007B01AEF;-;00000000;00000000;-;""
5874;26-11-2018;16:35:13;40;-;Trovan Unique;0007B0F2C5;-;00000000;00000000;-;""
5875;26-11-2018;16:35:13;40;-;Trovan Unique;0007B0F2C5;-;00000000;00000000;-;""
5876;26-11-2018;16:35:14;30;-;Trovan Unique;0007B0F2C5;-;00000000;00000000;-;""
5877;26-11-2018;16:36:00;20;-;Trovan Unique;0007B01AEF;-;00000000;00000000;-;""
5878;26-11-2018;16:36:00;20;-;Trovan Unique;0007B01AEF;-;00000000;00000000;-;""
5879;26-11-2018;16:36:01;10;-;Trovan Unique;0007B01AEF;-;00000000;00000000;-;""
5880;26-11-2018;16:36:13;30;-;Trovan Unique;0007B0F2C5;-;00000000;00000000;-;""
5881;26-11-2018;16:36:14;30;-;Trovan Unique;0007B0F2C5;-;00000000;00000000;-;""
5882;26-11-2018;16:36:14;30;-;Trovan Unique;0007B0F2C5;-;00000000;00000000;-;""
5883;26-11-2018;16:36:15;30;-;Trovan Unique;0007B0F2C5;-;00000000;00000000;-;""
5884;26-11-2018;16:36:15;30;-;Trovan Unique;0007B0F2C5;-;00000000;00000000;-;""
5885;26-11-2018;16:36:17;40;-;Trovan Unique;0007B0F2C5;-;00000000;00000000;-;""
5886;26-11-2018;16:37:23;10;-;Trovan Unique;0007AB9DDE;-;00000000;00000000;-;""
5887;26-11-2018;16:37:24;10;-;Trovan Unique;0007AB9DDE;-;00000000;00000000;-;""
5888;26-11-2018;16:37:24;10;-;Trovan Unique;0007AB9DDE;-;00000000;00000000;-;""
5889;26-11-2018;16:37:24;10;-;Trovan Unique;0007AB9DDE;-;00000000;00000000;-;""
5890;26-11-2018;16:37:24;10;-;Trovan Unique;0007AB9DDE;-;00000000;00000000;-;""
5891;26-11-2018;16:37:25;10;-;Trovan Unique;0007AB9DDE;-;00000000;00000000;-;""
5892;26-11-2018;16:37:25;10;-;Trovan Unique;0007AB9DDE;-;00000000;00000000;-;""
5893;26-11-2018;16:37:25;10;-;Trovan Unique;0007AB9DDE;-;00000000;00000000;-;""
5894;26-11-2018;16:37:26;10;-;Trovan Unique;0007AB9DDE;-;00000000;00000000;-;""
5895;26-11-2018;16:37:26;10;-;Trovan Unique;0007AB9DDE;-;00000000;00000000;-;""
5896;26-11-2018;16:37:26;10;-;Trovan Unique;0007AB9DDE;-;00000000;00000000;-;""
5897;26-11-2018;16:37:27;10;-;Trovan Unique;0007AB9DDE;-;00000000;00000000;-;""
5898;26-11-2018;16:37:27;10;-;Trovan Unique;0007AB9DDE;-;00000000;00000000;-;""
5899;26-11-2018;16:37:28;10;-;Trovan Unique;0007AB9DDE;-;00000000;00000000;-;""
5900;26-11-2018;16:37:29;10;-;Trovan Unique;0007AB9DDE;-;00000000;00000000;-;""
5901;26-11-2018;16:37:29;10;-;Trovan Unique;0007AB9DDE;-;00000000;00000000;-;""
5902;26-11-2018;16:37:29;10;-;Trovan Unique;0007AB9DDE;-;00000000;00000000;-;""
5903;26-11-2018;16:37:30;10;-;Trovan Unique;0007AB9DDE;-;00000000;00000000;-;""
5904;26-11-2018;16:37:46;40;-;Trovan Unique;0007AC4333;-;00000000;00000000;-;""
5905;26-11-2018;16:37:46;40;-;Trovan Unique;0007AC4333;-;00000000;00000000;-;""
5906;26-11-2018;16:38:30;10;-;Trovan Unique;0007AFE407;-;00000000;00000000;-;""
5907;26-11-2018;16:38:50;40;-;Trovan Unique;0007AB9DDE;-;00000000;00000000;-;""
5908;26-11-2018;16:38:50;40;-;Trovan Unique;0007AB9DDE;-;00000000;00000000;-;""
5909;26-11-2018;16:38:55;40;-;Trovan Unique;0007AB9DDE;-;00000000;00000000;-;""
5910;26-11-2018;16:38:56;40;-;Trovan Unique;0007AB9DDE;-;00000000;00000000;-;""
5911;26-11-2018;16:38:57;40;-;Trovan Unique;0007AB9DDE;-;00000000;00000000;-;""
5912;26-11-2018;16:38:59;30;-;Trovan Unique;0007AB9DDE;-;00000000;00000000;-;""
5913;26-11-2018;16:38:59;30;-;Trovan Unique;0007AB9DDE;-;00000000;00000000;-;""
5914;26-11-2018;16:39:36;40;-;Trovan Unique;0007B0F2C5;-;00000000;00000000;-;""
5915;26-11-2018;16:39:56;30;-;Trovan Unique;0007AB9DDE;-;00000000;00000000;-;""
5916;26-11-2018;16:40:08;40;-;Trovan Unique;0007B0F2C5;-;00000000;00000000;-;""
5917;26-11-2018;16:40:18;20;-;Trovan Unique;0007AB9DDE;-;00000000;00000000;-;""
5918;26-11-2018;16:40:19;20;-;Trovan Unique;0007AB9DDE;-;00000000;00000000;-;""
5919;26-11-2018;16:40:19;20;-;Trovan Unique;0007AB9DDE;-;00000000;00000000;-;""
5920;26-11-2018;16:40:20;40;-;Trovan Unique;0007B0F2C5;-;00000000;00000000;-;""
5921;26-11-2018;16:40:23;30;-;Trovan Unique;0007AB9DDE;-;00000000;00000000;-;""
5922;26-11-2018;16:40:23;30;-;Trovan Unique;0007AB9DDE;-;00000000;00000000;-;""
5923;26-11-2018;16:40:25;30;-;Trovan Unique;0007AB9DDE;-;00000000;00000000;-;""
5924;26-11-2018;16:40:29;40;-;Trovan Unique;0007B0F2C5;-;00000000;00000000;-;""
5925;26-11-2018;16:40:29;40;-;Trovan Unique;0007B0F2C5;-;00000000;00000000;-;""
5926;26-11-2018;16:40:30;40;-;Trovan Unique;0007B0F2C5;-;00000000;00000000;-;""
5927;26-11-2018;16:40:31;40;-;Trovan Unique;0007B0F2C5;-;00000000;00000000;-;""
5928;26-11-2018;16:40:35;20;-;Trovan Unique;0007AB9DDE;-;00000000;00000000;-;""
5929;26-11-2018;16:40:35;20;-;Trovan Unique;0007AB9DDE;-;00000000;00000000;-;""
5930;26-11-2018;16:40:35;20;-;Trovan Unique;0007AB9DDE;-;00000000;00000000;-;""
5931;26-11-2018;16:40:36;20;-;Trovan Unique;0007AB9DDE;-;00000000;00000000;-;""
5932;26-11-2018;16:40:40;20;-;Trovan Unique;0007AB9DDE;-;00000000;00000000;-;""
5933;26-11-2018;16:40:40;20;-;Trovan Unique;0007AB9DDE;-;00000000;00000000;-;""
5934;26-11-2018;16:40:41;20;-;Trovan Unique;0007AB9DDE;-;00000000;00000000;-;""
5935;26-11-2018;16:40:44;40;-;Trovan Unique;0007B0F2C5;-;00000000;00000000;-;""
5936;26-11-2018;16:40:47;30;-;Trovan Unique;0007AB9DDE;-;00000000;00000000;-;""
5937;26-11-2018;16:40:47;30;-;Trovan Unique;0007AB9DDE;-;00000000;00000000;-;""
5938;26-11-2018;16:40:49;30;-;Trovan Unique;0007AB9DDE;-;00000000;00000000;-;""
5939;26-11-2018;16:40:50;30;-;Trovan Unique;0007AB9DDE;-;00000000;00000000;-;""
5940;26-11-2018;16:40:51;30;-;Trovan Unique;0007AB9DDE;-;00000000;00000000;-;""
5941;26-11-2018;16:40:56;20;-;Trovan Unique;0007AB9DDE;-;00000000;00000000;-;""
5942;26-11-2018;16:40:56;20;-;Trovan Unique;0007AB9DDE;-;00000000;00000000;-;""
5943;26-11-2018;16:40:58;10;-;Trovan Unique;0007AB9DDE;-;00000000;00000000;-;""
5944;26-11-2018;16:42:41;40;-;Trovan Unique;0007AC2039;-;00000000;00000000;-;""
5945;26-11-2018;16:42:42;30;-;Trovan Unique;0007AC2039;-;00000000;00000000;-;""
5946;26-11-2018;16:42:47;20;-;Trovan Unique;0007AC2039;-;00000000;00000000;-;""
5947;26-11-2018;16:42:48;20;-;Trovan Unique;0007AC2039;-;00000000;00000000;-;""
5948;26-11-2018;16:42:48;10;-;Trovan Unique;0007AC2039;-;00000000;00000000;-;""
5949;26-11-2018;16:43:23;40;-;Trovan Unique;0007ABB698;-;00000000;00000000;-;""
5950;26-11-2018;16:43:31;40;-;Trovan Unique;0007ABB698;-;00000000;00000000;-;""
5951;26-11-2018;16:43:32;40;-;Trovan Unique;0007ABB698;-;00000000;00000000;-;""
5952;26-11-2018;16:43:42;40;-;Trovan Unique;0007ABB698;-;00000000;00000000;-;""
5953;26-11-2018;16:43:54;40;-;Trovan Unique;0007ABB698;-;00000000;00000000;-;""
5954;26-11-2018;16:43:55;40;-;Trovan Unique;0007ABB698;-;00000000;00000000;-;""
5955;26-11-2018;16:43:55;40;-;Trovan Unique;0007ABB698;-;00000000;00000000;-;""
5956;26-11-2018;16:43:56;40;-;Trovan Unique;0007ABB698;-;00000000;00000000;-;""
5957;26-11-2018;16:43:57;30;-;Trovan Unique;0007ABB698;-;00000000;00000000;-;""
5958;26-11-2018;16:43:57;30;-;Trovan Unique;0007ABB698;-;00000000;00000000;-;""
5959;26-11-2018;16:44:15;30;-;Trovan Unique;0007ABB698;-;00000000;00000000;-;""
5960;26-11-2018;16:44:16;30;-;Trovan Unique;0007ABB698;-;00000000;00000000;-;""
5961;26-11-2018;16:44:17;40;-;Trovan Unique;0007ACC57C;-;00000000;00000000;-;""
5962;26-11-2018;16:44:17;30;-;Trovan Unique;0007ABB698;-;00000000;00000000;-;""
5963;26-11-2018;16:44:18;30;-;Trovan Unique;0007ABB698;-;00000000;00000000;-;""
5964;26-11-2018;16:44:19;30;-;Trovan Unique;0007ABB698;-;00000000;00000000;-;""
5965;26-11-2018;16:44:19;30;-;Trovan Unique;0007ABB698;-;00000000;00000000;-;""
5966;26-11-2018;16:44:20;30;-;Trovan Unique;0007ABB698;-;00000000;00000000;-;""
5967;26-11-2018;16:44:22;40;-;Trovan Unique;0007ABB698;-;00000000;00000000;-;""
5968;26-11-2018;16:45:54;40;-;Trovan Unique;0007ACC57C;-;00000000;00000000;-;""
5969;26-11-2018;16:45:56;40;-;Trovan Unique;0007ACC57C;-;00000000;00000000;-;""
5970;26-11-2018;16:45:57;40;-;Trovan Unique;0007ACC57C;-;00000000;00000000;-;""
5971;26-11-2018;16:46:53;10;-;Trovan Unique;000783B3B0;-;00000000;00000000;-;""
5972;26-11-2018;16:46:53;20;-;Trovan Unique;000783B3B0;-;00000000;00000000;-;""
5973;26-11-2018;16:47:49;20;-;Trovan Unique;000783B3B0;-;00000000;00000000;-;""
5974;26-11-2018;16:47:50;20;-;Trovan Unique;000783B3B0;-;00000000;00000000;-;""
5975;26-11-2018;16:47:50;20;-;Trovan Unique;000783B3B0;-;00000000;00000000;-;""
5976;26-11-2018;16:47:51;20;-;Trovan Unique;000783B3B0;-;00000000;00000000;-;""
5977;26-11-2018;16:47:51;20;-;Trovan Unique;000783B3B0;-;00000000;00000000;-;""
5978;26-11-2018;16:47:54;20;-;Trovan Unique;000783B3B0;-;00000000;00000000;-;""
5979;26-11-2018;16:47:56;20;-;Trovan Unique;000783B3B0;-;00000000;00000000;-;""
5980;26-11-2018;16:47:56;20;-;Trovan Unique;000783B3B0;-;00000000;00000000;-;""
5981;26-11-2018;16:47:56;20;-;Trovan Unique;000783B3B0;-;00000000;00000000;-;""
5982;26-11-2018;16:47:57;20;-;Trovan Unique;000783B3B0;-;00000000;00000000;-;""
5983;26-11-2018;16:47:57;20;-;Trovan Unique;000783B3B0;-;00000000;00000000;-;""
5984;26-11-2018;16:47:58;10;-;Trovan Unique;000783B3B0;-;00000000;00000000;-;""
5985;26-11-2018;16:48:01;40;-;Trovan Unique;0007B0F2C5;-;00000000;00000000;-;""
5986;26-11-2018;16:48:02;40;-;Trovan Unique;0007B0F2C5;-;00000000;00000000;-;""
5987;26-11-2018;16:48:03;40;-;Trovan Unique;0007B0F2C5;-;00000000;00000000;-;""
5988;26-11-2018;16:48:11;40;-;Trovan Unique;0007B0F2C5;-;00000000;00000000;-;""
5989;26-11-2018;16:48:13;40;-;Trovan Unique;0007B0F2C5;-;00000000;00000000;-;""
5990;26-11-2018;16:48:14;40;-;Trovan Unique;0007B0F2C5;-;00000000;00000000;-;""
5991;26-11-2018;16:48:15;40;-;Trovan Unique;0007B0F2C5;-;00000000;00000000;-;""
5992;26-11-2018;16:48:15;30;-;Trovan Unique;0007B0F2C5;-;00000000;00000000;-;""
5993;26-11-2018;16:49:19;40;-;Trovan Unique;0007AC2039;-;00000000;00000000;-;""
5994;26-11-2018;16:49:19;40;-;Trovan Unique;0007AC2039;-;00000000;00000000;-;""
5995;26-11-2018;16:49:20;30;-;Trovan Unique;0007AC2039;-;00000000;00000000;-;""
5996;26-11-2018;16:49:56;20;-;Trovan Unique;0007AC2039;-;00000000;00000000;-;""
5997;26-11-2018;16:49:56;20;-;Trovan Unique;0007AC2039;-;00000000;00000000;-;""
5998;26-11-2018;16:49:57;20;-;Trovan Unique;0007AC2039;-;00000000;00000000;-;""
5999;26-11-2018;16:49:57;20;-;Trovan Unique;0007AC2039;-;00000000;00000000;-;""
6000;26-11-2018;16:49:58;20;-;Trovan Unique;0007AC2039;-;00000000;00000000;-;""
6001;26-11-2018;16:49:58;20;-;Trovan Unique;0007AC2039;-;00000000;00000000;-;""
6002;26-11-2018;16:50:00;20;-;Trovan Unique;0007AC2039;-;00000000;00000000;-;""
6003;26-11-2018;16:50:00;20;-;Trovan Unique;0007AC2039;-;00000000;00000000;-;""
6004;26-11-2018;16:50:06;30;-;Trovan Unique;0007AC2039;-;00000000;00000000;-;""
6005;26-11-2018;16:50:07;40;-;Trovan Unique;0007AC2039;-;00000000;00000000;-;""
6006;26-11-2018;16:50:38;20;-;Trovan Unique;0007B0F2C5;-;00000000;00000000;-;""
6007;26-11-2018;16:50:39;20;-;Trovan Unique;0007B0F2C5;-;00000000;00000000;-;""
6008;26-11-2018;16:50:39;20;-;Trovan Unique;0007B0F2C5;-;00000000;00000000;-;""
6009;26-11-2018;16:50:39;20;-;Trovan Unique;0007B0F2C5;-;00000000;00000000;-;""
6010;26-11-2018;16:50:40;20;-;Trovan Unique;0007B0F2C5;-;00000000;00000000;-;""
6011;26-11-2018;16:50:40;20;-;Trovan Unique;0007B0F2C5;-;00000000;00000000;-;""
6012;26-11-2018;16:50:43;30;-;Trovan Unique;0007B0F2C5;-;00000000;00000000;-;""
6013;26-11-2018;16:50:44;30;-;Trovan Unique;0007B0F2C5;-;00000000;00000000;-;""
6014;26-11-2018;16:50:45;30;-;Trovan Unique;0007B0F2C5;-;00000000;00000000;-;""
6015;26-11-2018;16:50:45;30;-;Trovan Unique;0007B0F2C5;-;00000000;00000000;-;""
6016;26-11-2018;16:50:45;40;-;Trovan Unique;0007ACC57C;-;00000000;00000000;-;""
6017;26-11-2018;16:50:46;30;-;Trovan Unique;0007B0F2C5;-;00000000;00000000;-;""
6018;26-11-2018;16:50:46;40;-;Trovan Unique;0007ACC57C;-;00000000;00000000;-;""
6019;26-11-2018;16:50:47;40;-;Trovan Unique;0007ACC57C;-;00000000;00000000;-;""
6020;26-11-2018;16:50:51;30;-;Trovan Unique;0007B0F2C5;-;00000000;00000000;-;""
6021;26-11-2018;16:50:52;30;-;Trovan Unique;0007B0F2C5;-;00000000;00000000;-;""
6022;26-11-2018;16:50:54;20;-;Trovan Unique;0007B0F2C5;-;00000000;00000000;-;""
6023;26-11-2018;16:50:55;20;-;Trovan Unique;0007B0F2C5;-;00000000;00000000;-;""
6024;26-11-2018;16:50:55;20;-;Trovan Unique;0007B0F2C5;-;00000000;00000000;-;""
6025;26-11-2018;16:50:55;20;-;Trovan Unique;0007B0F2C5;-;00000000;00000000;-;""
6026;26-11-2018;16:50:56;20;-;Trovan Unique;0007B0F2C5;-;00000000;00000000;-;""
6027;26-11-2018;16:51:00;30;-;Trovan Unique;0007B0F2C5;-;00000000;00000000;-;""
6028;26-11-2018;16:51:01;30;-;Trovan Unique;0007B0F2C5;-;00000000;00000000;-;""
6029;26-11-2018;16:51:01;30;-;Trovan Unique;0007B0F2C5;-;00000000;00000000;-;""
6030;26-11-2018;16:51:03;30;-;Trovan Unique;0007B0F2C5;-;00000000;00000000;-;""
6031;26-11-2018;16:51:04;30;-;Trovan Unique;0007B0F2C5;-;00000000;00000000;-;""
6032;26-11-2018;16:51:05;30;-;Trovan Unique;0007B0F2C5;-;00000000;00000000;-;""
6033;26-11-2018;16:51:05;40;-;Trovan Unique;0007ACC57C;-;00000000;00000000;-;""
6034;26-11-2018;16:51:08;20;-;Trovan Unique;0007B0F2C5;-;00000000;00000000;-;""
6035;26-11-2018;16:51:14;20;-;Trovan Unique;0007B0F2C5;-;00000000;00000000;-;""
6036;26-11-2018;16:51:14;20;-;Trovan Unique;0007B0F2C5;-;00000000;00000000;-;""
6037;26-11-2018;16:51:15;20;-;Trovan Unique;0007B0F2C5;-;00000000;00000000;-;""
6038;26-11-2018;16:51:15;10;-;Trovan Unique;0007B0F2C5;-;00000000;00000000;-;""
6039;26-11-2018;16:51:16;10;-;Trovan Unique;0007B0F2C5;-;00000000;00000000;-;""
